Date,Code,Consumption
1/1/2006,1,1069.184
1/2/2006,1,1380.521
1/3/2006,1,1442.533
1/4/2006,1,1457.217
1/5/2006,1,1477.131
1/6/2006,1,1403.427
1/7/2006,1,1300.287
1/8/2006,1,1207.985
1/9/2006,1,1529.323
1/10/2006,1,1576.911
1/11/2006,1,1577.176
1/12/2006,1,1553.28
1/13/2006,1,1545.002
1/14/2006,1,1359.945
1/15/2006,1,1265.475
1/16/2006,1,1563.738
1/17/2006,1,1598.303
1/18/2006,1,1572.984
1/19/2006,1,1558.29
1/20/2006,1,1540.604
1/21/2006,1,1348.188
1/22/2006,1,1248.111
1/23/2006,1,1569.691
1/24/2006,1,1603.252
1/25/2006,1,1613.312
1/26/2006,1,1601.673
1/27/2006,1,1586.065
1/28/2006,1,1373.03
1/29/2006,1,1252.215
1/30/2006,1,1554.722
1/31/2006,1,1575.129
2/1/2006,1,1582.134
2/2/2006,1,1595.717
2/3/2006,1,1577.786
2/4/2006,1,1366.322
2/5/2006,1,1258.013
2/6/2006,1,1557.525
2/7/2006,1,1606.667
2/8/2006,1,1590.896
2/9/2006,1,1599.129
2/10/2006,1,1554.631
2/11/2006,1,1346.104
2/12/2006,1,1232.568
2/13/2006,1,1521.456
2/14/2006,1,1551.373
2/15/2006,1,1562.656
2/16/2006,1,1523.719
2/17/2006,1,1495.913
2/18/2006,1,1297.385
2/19/2006,1,1173.05
2/20/2006,1,1501.246
2/21/2006,1,1544.112
2/22/2006,1,1543.107
2/23/2006,1,1523.491
2/24/2006,1,1507.235
2/25/2006,1,1309.603
2/26/2006,1,1204.766
2/27/2006,1,1444.899
2/28/2006,1,1507.49
3/1/2006,1,1531.173
3/2/2006,1,1539.951
3/3/2006,1,1510.884
3/4/2006,1,1323.303
3/5/2006,1,1220.395
3/6/2006,1,1502.191
3/7/2006,1,1514.012
3/8/2006,1,1545.834
3/9/2006,1,1498.444
3/10/2006,1,1475.327
3/11/2006,1,1320.368
3/12/2006,1,1218.407
3/13/2006,1,1494.832
3/14/2006,1,1514.066
3/15/2006,1,1518.04
3/16/2006,1,1516.898
3/17/2006,1,1495.324
3/18/2006,1,1280.717
3/19/2006,1,1160.078
3/20/2006,1,1446.238
3/21/2006,1,1470.34
3/22/2006,1,1471.667
3/23/2006,1,1456.016
3/24/2006,1,1444.75
3/25/2006,1,1231.067
3/26/2006,1,1116.743
3/27/2006,1,1400.982
3/28/2006,1,1435.152
3/29/2006,1,1438.405
3/30/2006,1,1457.454
3/31/2006,1,1429.066
4/1/2006,1,1207.769
4/2/2006,1,1110.026
4/3/2006,1,1422.789
4/4/2006,1,1436.699
4/5/2006,1,1447.798
4/6/2006,1,1432.853
4/7/2006,1,1394.98
4/8/2006,1,1195.959
4/9/2006,1,1104.106
4/10/2006,1,1408.169
4/11/2006,1,1419.301
4/12/2006,1,1425.712
4/13/2006,1,1415.542
4/14/2006,1,1118.396
4/15/2006,1,1086.018
4/16/2006,1,986.875
4/17/2006,1,1009.094
4/18/2006,1,1349.563
4/19/2006,1,1368.456
4/20/2006,1,1362.217
4/21/2006,1,1333.266
4/22/2006,1,1152.943
4/23/2006,1,1042.414
4/24/2006,1,1345.851
4/25/2006,1,1359.806
4/26/2006,1,1374.322
4/27/2006,1,1384.681
4/28/2006,1,1362.57
4/29/2006,1,1167.24
4/30/2006,1,1026.352
5/1/2006,1,986.698
5/2/2006,1,1329.821
5/3/2006,1,1348.188
5/4/2006,1,1348.343
5/5/2006,1,1330.52
5/6/2006,1,1115.442
5/7/2006,1,998.308
5/8/2006,1,1321.782
5/9/2006,1,1353.229
5/10/2006,1,1351.4
5/11/2006,1,1337.502
5/12/2006,1,1320.006
5/13/2006,1,1123.926
5/14/2006,1,1010.284
5/15/2006,1,1317.849
5/16/2006,1,1360.65
5/17/2006,1,1346.098
5/18/2006,1,1365.406
5/19/2006,1,1348.465
5/20/2006,1,1175.273
5/21/2006,1,1050.17
5/22/2006,1,1358.082
5/23/2006,1,1374.495
5/24/2006,1,1339.565
5/25/2006,1,1053.351
5/26/2006,1,1213.465
5/27/2006,1,1108.266
5/28/2006,1,1065.343
5/29/2006,1,1349.247
5/30/2006,1,1376.794
5/31/2006,1,1380.175
6/1/2006,1,1367.751
6/2/2006,1,1323.231
6/3/2006,1,1100.889
6/4/2006,1,955.373
6/5/2006,1,975.632
6/6/2006,1,1306.362
6/7/2006,1,1325.818
6/8/2006,1,1328.546
6/9/2006,1,1311.784
6/10/2006,1,1114.527
6/11/2006,1,1004.853
6/12/2006,1,1329.591
6/13/2006,1,1356.201
6/14/2006,1,1352.012
6/15/2006,1,1140.329
6/16/2006,1,1254.954
6/17/2006,1,1103.62
6/18/2006,1,1007.067
6/19/2006,1,1351.989
6/20/2006,1,1369.855
6/21/2006,1,1372.489
6/22/2006,1,1360.594
6/23/2006,1,1316.964
6/24/2006,1,1114.386
6/25/2006,1,1028.869
6/26/2006,1,1345.379
6/27/2006,1,1352.603
6/28/2006,1,1340.042
6/29/2006,1,1343.637
6/30/2006,1,1298.103
7/1/2006,1,1106.618
7/2/2006,1,997.896
7/3/2006,1,1327.143
7/4/2006,1,1356.526
7/5/2006,1,1377.781
7/6/2006,1,1377.99
7/7/2006,1,1360.061
7/8/2006,1,1138.65
7/9/2006,1,1018.423
7/10/2006,1,1335.241
7/11/2006,1,1360.208
7/12/2006,1,1358.226
7/13/2006,1,1361.493
7/14/2006,1,1324.459
7/15/2006,1,1093.701
7/16/2006,1,993.289
7/17/2006,1,1305.246
7/18/2006,1,1333.029
7/19/2006,1,1342.708
7/20/2006,1,1351.823
7/21/2006,1,1333.344
7/22/2006,1,1136.7
7/23/2006,1,1025.408
7/24/2006,1,1330.557
7/25/2006,1,1349.825
7/26/2006,1,1356.689
7/27/2006,1,1348.649
7/28/2006,1,1327.514
7/29/2006,1,1122.14
7/30/2006,1,1010.922
7/31/2006,1,1289.926
8/1/2006,1,1303.048
8/2/2006,1,1291.219
8/3/2006,1,1284.089
8/4/2006,1,1262.645
8/5/2006,1,1087.245
8/6/2006,1,994.466
8/7/2006,1,1268.803
8/8/2006,1,1286.839
8/9/2006,1,1285.66
8/10/2006,1,1294.077
8/11/2006,1,1274.989
8/12/2006,1,1088.709
8/13/2006,1,985.959
8/14/2006,1,1266.844
8/15/2006,1,1282.22
8/16/2006,1,1292.058
8/17/2006,1,1298.837
8/18/2006,1,1290.869
8/19/2006,1,1095.066
8/20/2006,1,1023.166
8/21/2006,1,1320.274
8/22/2006,1,1341.316
8/23/2006,1,1325.545
8/24/2006,1,1330.924
8/25/2006,1,1323.755
8/26/2006,1,1126.495
8/27/2006,1,1032.319
8/28/2006,1,1344.455
8/29/2006,1,1353.885
8/30/2006,1,1373.313
8/31/2006,1,1347.763
9/1/2006,1,1339.468
9/2/2006,1,1138.742
9/3/2006,1,1093.767
9/4/2006,1,1400.634
9/5/2006,1,1398.368
9/6/2006,1,1394.28
9/7/2006,1,1403.4
9/8/2006,1,1365.061
9/9/2006,1,1135.574
9/10/2006,1,1047.285
9/11/2006,1,1379.243
9/12/2006,1,1396.303
9/13/2006,1,1398.321
9/14/2006,1,1400.087
9/15/2006,1,1397.504
9/16/2006,1,1188.876
9/17/2006,1,1064.353
9/18/2006,1,1390.863
9/19/2006,1,1404.479
9/20/2006,1,1386.332
9/21/2006,1,1385.803
9/22/2006,1,1380.783
9/23/2006,1,1175.308
9/24/2006,1,1069.175
9/25/2006,1,1401.1
9/26/2006,1,1424.304
9/27/2006,1,1417.328
9/28/2006,1,1401.731
9/29/2006,1,1383.458
9/30/2006,1,1173.168
10/1/2006,1,1058.268
10/2/2006,1,1286.932
10/3/2006,1,1116.572
10/4/2006,1,1375.636
10/5/2006,1,1397.459
10/6/2006,1,1428.592
10/7/2006,1,1227.91
10/8/2006,1,1097.087
10/9/2006,1,1406.128
10/10/2006,1,1433.588
10/11/2006,1,1429.996
10/12/2006,1,1432.512
10/13/2006,1,1426.507
10/14/2006,1,1203.526
10/15/2006,1,1089.685
10/16/2006,1,1415.474
10/17/2006,1,1445.882
10/18/2006,1,1448.511
10/19/2006,1,1451.647
10/20/2006,1,1434.666
10/21/2006,1,1232.339
10/22/2006,1,1116.473
10/23/2006,1,1461.803
10/24/2006,1,1504.192
10/25/2006,1,1468.365
10/26/2006,1,1482.747
10/27/2006,1,1476.272
10/28/2006,1,1242.024
10/29/2006,1,1173.761
10/30/2006,1,1413.066
10/31/2006,1,1460.399
11/1/2006,1,1352.658
11/2/2006,1,1479.071
11/3/2006,1,1479.9
11/4/2006,1,1297.959
11/5/2006,1,1242.064
11/6/2006,1,1521.545
11/7/2006,1,1506.669
11/8/2006,1,1518.364
11/9/2006,1,1557.411
11/10/2006,1,1484.26
11/11/2006,1,1327.664
11/12/2006,1,1226.642
11/13/2006,1,1533.554
11/14/2006,1,1523.361
11/15/2006,1,1504.301
11/16/2006,1,1490.779
11/17/2006,1,1478.095
11/18/2006,1,1270.72
11/19/2006,1,1168.114
11/20/2006,1,1509.712
11/21/2006,1,1521.778
11/22/2006,1,1512.51
11/23/2006,1,1552.044
11/24/2006,1,1494.088
11/25/2006,1,1304.453
11/26/2006,1,1155.541
11/27/2006,1,1486.959
11/28/2006,1,1520.421
11/29/2006,1,1532.762
11/30/2006,1,1531.525
12/1/2006,1,1518.198
12/2/2006,1,1332.812
12/3/2006,1,1214.524
12/4/2006,1,1548.124
12/5/2006,1,1569.48
12/6/2006,1,1545.3
12/7/2006,1,1566.124
12/8/2006,1,1549.681
12/9/2006,1,1305.841
12/10/2006,1,1194.85
12/11/2006,1,1578.983
12/12/2006,1,1561.264
12/13/2006,1,1590.009
12/14/2006,1,1593.613
12/15/2006,1,1543.073
12/16/2006,1,1349.181
12/17/2006,1,1220.188
12/18/2006,1,1514.852
12/19/2006,1,1525.667
12/20/2006,1,1527.593
12/21/2006,1,1475.71
12/22/2006,1,1391.579
12/23/2006,1,1235.688
12/24/2006,1,1099.201
12/25/2006,1,1072.746
12/26/2006,1,1075.922
12/27/2006,1,1284.676
12/28/2006,1,1314.603
12/29/2006,1,1274.646
12/30/2006,1,1237.751
12/31/2006,1,1144.398
1/1/2007,1,1128.843
1/2/2007,1,1416.669
1/3/2007,1,1471.586
1/4/2007,1,1514.823
1/5/2007,1,1484.168
1/6/2007,1,1249.663
1/7/2007,1,1173.687
1/8/2007,1,1510.013
1/9/2007,1,1554.889
1/10/2007,1,1556.122
1/11/2007,1,1596.639
1/12/2007,1,1567.453
1/13/2007,1,1350.886
1/14/2007,1,1250.781
1/15/2007,1,1518.88
1/16/2007,1,1550.792
1/17/2007,1,1564.22
1/18/2007,1,1544.324
1/19/2007,1,1533.347
1/20/2007,1,1344.002
1/21/2007,1,1257.521
1/22/2007,1,1544.182
1/23/2007,1,1550.71
1/24/2007,1,1582.538
1/25/2007,1,1580.233
1/26/2007,1,1632.587
1/27/2007,1,1392.674
1/28/2007,1,1321.527
1/29/2007,1,1564.383
1/30/2007,1,1572.655
1/31/2007,1,1598.002
2/1/2007,1,1531.493
2/2/2007,1,1523.781
2/3/2007,1,1335.646
2/4/2007,1,1204.853
2/5/2007,1,1484.894
2/6/2007,1,1545.558
2/7/2007,1,1572.704
2/8/2007,1,1571.158
2/9/2007,1,1549.471
2/10/2007,1,1361.316
2/11/2007,1,1215.285
2/12/2007,1,1464.08
2/13/2007,1,1526.139
2/14/2007,1,1529.17
2/15/2007,1,1512
2/16/2007,1,1485.307
2/17/2007,1,1302.74
2/18/2007,1,1180.318
2/19/2007,1,1375.764
2/20/2007,1,1451.475
2/21/2007,1,1502.439
2/22/2007,1,1484.769
2/23/2007,1,1478.803
2/24/2007,1,1320.029
2/25/2007,1,1190.847
2/26/2007,1,1449.965
2/27/2007,1,1510.069
2/28/2007,1,1505.489
3/1/2007,1,1524.813
3/2/2007,1,1508.97
3/3/2007,1,1278.173
3/4/2007,1,1138.079
3/5/2007,1,1487.333
3/6/2007,1,1500.467
3/7/2007,1,1479.223
3/8/2007,1,1468.357
3/9/2007,1,1453.935
3/10/2007,1,1256.174
3/11/2007,1,1128.501
3/12/2007,1,1413.07
3/13/2007,1,1438.877
3/14/2007,1,1439.504
3/15/2007,1,1436.134
3/16/2007,1,1443.656
3/17/2007,1,1322.749
3/18/2007,1,1245.265
3/19/2007,1,1489.795
3/20/2007,1,1486.952
3/21/2007,1,1510.379
3/22/2007,1,1542.109
3/23/2007,1,1517.529
3/24/2007,1,1335.889
3/25/2007,1,1157.512
3/26/2007,1,1439.055
3/27/2007,1,1442.051
3/28/2007,1,1442.523
3/29/2007,1,1453.749
3/30/2007,1,1414.988
3/31/2007,1,1232.395
4/1/2007,1,1116.685
4/2/2007,1,1394.731
4/3/2007,1,1447.29
4/4/2007,1,1434.455
4/5/2007,1,1438.047
4/6/2007,1,1108.93
4/7/2007,1,1119.298
4/8/2007,1,1005.062
4/9/2007,1,1051.409
4/10/2007,1,1392.855
4/11/2007,1,1406.476
4/12/2007,1,1390.119
4/13/2007,1,1374.983
4/14/2007,1,1172.18
4/15/2007,1,1046.702
4/16/2007,1,1363.121
4/17/2007,1,1385.315
4/18/2007,1,1410.451
4/19/2007,1,1428.751
4/20/2007,1,1391.949
4/21/2007,1,1164.153
4/22/2007,1,1043.998
4/23/2007,1,1367.167
4/24/2007,1,1392.646
4/25/2007,1,1389.022
4/26/2007,1,1381.741
4/27/2007,1,1362.963
4/28/2007,1,1165.491
4/29/2007,1,1036.271
4/30/2007,1,1221.734
5/1/2007,1,981.179
5/2/2007,1,1323.94
5/3/2007,1,1374.726
5/4/2007,1,1363.181
5/5/2007,1,1157.579
5/6/2007,1,1033.405
5/7/2007,1,1389.396
5/8/2007,1,1422.031
5/9/2007,1,1434.624
5/10/2007,1,1413.384
5/11/2007,1,1414.225
5/12/2007,1,1183.749
5/13/2007,1,1058.64
5/14/2007,1,1393.619
5/15/2007,1,1394.495
5/16/2007,1,1380.842
5/17/2007,1,1086.609
5/18/2007,1,1210.026
5/19/2007,1,1105.205
5/20/2007,1,1020.532
5/21/2007,1,1365.723
5/22/2007,1,1387.172
5/23/2007,1,1374.524
5/24/2007,1,1381.45
5/25/2007,1,1375.075
5/26/2007,1,1143.336
5/27/2007,1,972.974
5/28/2007,1,1010.256
5/29/2007,1,1368.066
5/30/2007,1,1356.556
5/31/2007,1,1351.997
6/1/2007,1,1349.473
6/2/2007,1,1149.59
6/3/2007,1,1029.239
6/4/2007,1,1352.52
6/5/2007,1,1368.802
6/6/2007,1,1364.531
6/7/2007,1,1163.954
6/8/2007,1,1291.584
6/9/2007,1,1145.432
6/10/2007,1,1043.243
6/11/2007,1,1382.614
6/12/2007,1,1402.822
6/13/2007,1,1392.685
6/14/2007,1,1394.073
6/15/2007,1,1393.974
6/16/2007,1,1166.588
6/17/2007,1,1044.366
6/18/2007,1,1380.744
6/19/2007,1,1395.691
6/20/2007,1,1416.318
6/21/2007,1,1405.108
6/22/2007,1,1367.783
6/23/2007,1,1147.464
6/24/2007,1,1038.627
6/25/2007,1,1377.469
6/26/2007,1,1416.017
6/27/2007,1,1439.9
6/28/2007,1,1380.981
6/29/2007,1,1361.396
6/30/2007,1,1161.874
7/1/2007,1,1045.584
7/2/2007,1,1369.471
7/3/2007,1,1375.39
7/4/2007,1,1366.085
7/5/2007,1,1386.822
7/6/2007,1,1387.832
7/7/2007,1,1183.696
7/8/2007,1,1037.251
7/9/2007,1,1346.085
7/10/2007,1,1347.019
7/11/2007,1,1365.205
7/12/2007,1,1366.847
7/13/2007,1,1346.501
7/14/2007,1,1143.953
7/15/2007,1,1037.757
7/16/2007,1,1360.83
7/17/2007,1,1374.629
7/18/2007,1,1372.019
7/19/2007,1,1370.079
7/20/2007,1,1356.929
7/21/2007,1,1146.038
7/22/2007,1,1033.964
7/23/2007,1,1335.654
7/24/2007,1,1383.808
7/25/2007,1,1358.899
7/26/2007,1,1343.761
7/27/2007,1,1341.888
7/28/2007,1,1134.28
7/29/2007,1,1035.021
7/30/2007,1,1338.61
7/31/2007,1,1323.255
8/1/2007,1,1313.296
8/2/2007,1,1355.736
8/3/2007,1,1277.31
8/4/2007,1,1101.342
8/5/2007,1,1039.507
8/6/2007,1,1341.397
8/7/2007,1,1395.238
8/8/2007,1,1371.998
8/9/2007,1,1344.038
8/10/2007,1,1328.248
8/11/2007,1,1104.216
8/12/2007,1,997.376
8/13/2007,1,1300.651
8/14/2007,1,1346.987
8/15/2007,1,1348.552
8/16/2007,1,1308.936
8/17/2007,1,1281.584
8/18/2007,1,1127.393
8/19/2007,1,1025.3
8/20/2007,1,1373.403
8/21/2007,1,1393.059
8/22/2007,1,1411.963
8/23/2007,1,1406.478
8/24/2007,1,1360.429
8/25/2007,1,1138.67
8/26/2007,1,1025.367
8/27/2007,1,1364.066
8/28/2007,1,1390.286
8/29/2007,1,1422.812
8/30/2007,1,1421.014
8/31/2007,1,1404.533
9/1/2007,1,1193.544
9/2/2007,1,1099.489
9/3/2007,1,1424.461
9/4/2007,1,1411.292
9/5/2007,1,1407.592
9/6/2007,1,1430.784
9/7/2007,1,1429.646
9/8/2007,1,1246.981
9/9/2007,1,1130.733
9/10/2007,1,1443.708
9/11/2007,1,1439.069
9/12/2007,1,1431.079
9/13/2007,1,1411.745
9/14/2007,1,1411.93
9/15/2007,1,1235.884
9/16/2007,1,1092.305
9/17/2007,1,1425.488
9/18/2007,1,1461.307
9/19/2007,1,1443.422
9/20/2007,1,1438.282
9/21/2007,1,1417.439
9/22/2007,1,1209.763
9/23/2007,1,1103.904
9/24/2007,1,1430.922
9/25/2007,1,1455.46
9/26/2007,1,1452.04
9/27/2007,1,1501.586
9/28/2007,1,1465.401
9/29/2007,1,1260.661
9/30/2007,1,1129.808
10/1/2007,1,1418.342
10/2/2007,1,1445.997
10/3/2007,1,1158.327
10/4/2007,1,1428.652
10/5/2007,1,1414.107
10/6/2007,1,1214.732
10/7/2007,1,1106.199
10/8/2007,1,1439.71
10/9/2007,1,1470.859
10/10/2007,1,1466.585
10/11/2007,1,1470.398
10/12/2007,1,1499.287
10/13/2007,1,1228.714
10/14/2007,1,1117.732
10/15/2007,1,1449.268
10/16/2007,1,1472.721
10/17/2007,1,1497.805
10/18/2007,1,1507.164
10/19/2007,1,1501.243
10/20/2007,1,1279.587
10/21/2007,1,1190.55
10/22/2007,1,1506.371
10/23/2007,1,1538.694
10/24/2007,1,1540.721
10/25/2007,1,1522.027
10/26/2007,1,1506.312
10/27/2007,1,1296.302
10/28/2007,1,1185.017
10/29/2007,1,1506.281
10/30/2007,1,1514.627
10/31/2007,1,1472.331
11/1/2007,1,1300.805
11/2/2007,1,1408.209
11/3/2007,1,1287.15
11/4/2007,1,1186.636
11/5/2007,1,1494.452
11/6/2007,1,1591.535
11/7/2007,1,1644.873
11/8/2007,1,1580.649
11/9/2007,1,1610.09
11/10/2007,1,1373.29
11/11/2007,1,1238.464
11/12/2007,1,1553.367
11/13/2007,1,1561.059
11/14/2007,1,1556.708
11/15/2007,1,1539.716
11/16/2007,1,1544.613
11/17/2007,1,1349.997
11/18/2007,1,1224.475
11/19/2007,1,1558.245
11/20/2007,1,1573.769
11/21/2007,1,1552.344
11/22/2007,1,1548.079
11/23/2007,1,1532.874
11/24/2007,1,1351.308
11/25/2007,1,1294.132
11/26/2007,1,1599.772
11/27/2007,1,1595.457
11/28/2007,1,1587.481
11/29/2007,1,1610.842
11/30/2007,1,1586.737
12/1/2007,1,1385.024
12/2/2007,1,1299.624
12/3/2007,1,1617.784
12/4/2007,1,1593.123
12/5/2007,1,1591.552
12/6/2007,1,1587.45
12/7/2007,1,1615
12/8/2007,1,1380.693
12/9/2007,1,1246.85
12/10/2007,1,1545.319
12/11/2007,1,1571.093
12/12/2007,1,1574.249
12/13/2007,1,1556.444
12/14/2007,1,1546.376
12/15/2007,1,1340.326
12/16/2007,1,1247.58
12/17/2007,1,1543.455
12/18/2007,1,1564.052
12/19/2007,1,1557.209
12/20/2007,1,1531.29
12/21/2007,1,1457.683
12/22/2007,1,1305.698
12/23/2007,1,1226.681
12/24/2007,1,1168.744
12/25/2007,1,1112.363
12/26/2007,1,1120.251
12/27/2007,1,1287.245
12/28/2007,1,1308.594
12/29/2007,1,1256.51
12/30/2007,1,1142.201
12/31/2007,1,1145.582
1/1/2008,1,1083.424
1/2/2008,1,1396.483
1/3/2008,1,1523.427
1/4/2008,1,1512.429
1/5/2008,1,1355.843
1/6/2008,1,1209.011
1/7/2008,1,1542.984
1/8/2008,1,1565.447
1/9/2008,1,1561.768
1/10/2008,1,1571.959
1/11/2008,1,1551.756
1/12/2008,1,1355.192
1/13/2008,1,1225.854
1/14/2008,1,1556.149
1/15/2008,1,1596.221
1/16/2008,1,1575.663
1/17/2008,1,1548.472
1/18/2008,1,1549.215
1/19/2008,1,1352.255
1/20/2008,1,1224.458
1/21/2008,1,1552.516
1/22/2008,1,1565.022
1/23/2008,1,1557.643
1/24/2008,1,1568.373
1/25/2008,1,1599.434
1/26/2008,1,1409.606
1/27/2008,1,1272.86
1/28/2008,1,1516.204
1/29/2008,1,1531.764
1/30/2008,1,1556.646
1/31/2008,1,1593.5
2/1/2008,1,1604.691
2/2/2008,1,1355.376
2/3/2008,1,1223.609
2/4/2008,1,1481.154
2/5/2008,1,1536.143
2/6/2008,1,1572.79
2/7/2008,1,1566.609
2/8/2008,1,1503.415
2/9/2008,1,1293.027
2/10/2008,1,1179.2
2/11/2008,1,1492.048
2/12/2008,1,1523.91
2/13/2008,1,1542.293
2/14/2008,1,1556.974
2/15/2008,1,1538.604
2/16/2008,1,1326.761
2/17/2008,1,1229.443
2/18/2008,1,1560.866
2/19/2008,1,1554.795
2/20/2008,1,1551.603
2/21/2008,1,1571.934
2/22/2008,1,1606.299
2/23/2008,1,1361.091
2/24/2008,1,1191.572
2/25/2008,1,1507.333
2/26/2008,1,1557.302
2/27/2008,1,1582.078
2/28/2008,1,1513.179
2/29/2008,1,1502.001
3/1/2008,1,1375.903
3/2/2008,1,1265.889
3/3/2008,1,1519.856
3/4/2008,1,1545.508
3/5/2008,1,1529.23
3/6/2008,1,1570.612
3/7/2008,1,1488.568
3/8/2008,1,1283.302
3/9/2008,1,1182.81
3/10/2008,1,1484.846
3/11/2008,1,1531.191
3/12/2008,1,1571.014
3/13/2008,1,1573.429
3/14/2008,1,1510.365
3/15/2008,1,1267.466
3/16/2008,1,1165.851
3/17/2008,1,1508.6
3/18/2008,1,1512.219
3/19/2008,1,1502.994
3/20/2008,1,1492.826
3/21/2008,1,1228.325
3/22/2008,1,1208.581
3/23/2008,1,1088.27
3/24/2008,1,1115.513
3/25/2008,1,1464.363
3/26/2008,1,1529.734
3/27/2008,1,1495.959
3/28/2008,1,1460.372
3/29/2008,1,1281.289
3/30/2008,1,1167.593
3/31/2008,1,1435.773
4/1/2008,1,1468.038
4/2/2008,1,1488.001
4/3/2008,1,1491.993
4/4/2008,1,1465.897
4/5/2008,1,1271.197
4/6/2008,1,1156.181
4/7/2008,1,1471.491
4/8/2008,1,1472.065
4/9/2008,1,1476.398
4/10/2008,1,1478.682
4/11/2008,1,1454.682
4/12/2008,1,1229.588
4/13/2008,1,1119.972
4/14/2008,1,1456.913
4/15/2008,1,1482.648
4/16/2008,1,1467.958
4/17/2008,1,1458.33
4/18/2008,1,1435.367
4/19/2008,1,1259.607
4/20/2008,1,1110.038
4/21/2008,1,1457.043
4/22/2008,1,1484.834
4/23/2008,1,1420.243
4/24/2008,1,1416.933
4/25/2008,1,1401.472
4/26/2008,1,1183.262
4/27/2008,1,1065.066
4/28/2008,1,1409.408
4/29/2008,1,1419.492
4/30/2008,1,1374.498
5/1/2008,1,1026.167
5/2/2008,1,1201.579
5/3/2008,1,1109.653
5/4/2008,1,1031.472
5/5/2008,1,1357.382
5/6/2008,1,1382.96
5/7/2008,1,1379.221
5/8/2008,1,1370.643
5/9/2008,1,1344
5/10/2008,1,1120.047
5/11/2008,1,957.026
5/12/2008,1,989.434
5/13/2008,1,1332.15
5/14/2008,1,1368.785
5/15/2008,1,1380.475
5/16/2008,1,1367.001
5/17/2008,1,1184.424
5/18/2008,1,1062.978
5/19/2008,1,1363.607
5/20/2008,1,1370.487
5/21/2008,1,1370.915
5/22/2008,1,1163.613
5/23/2008,1,1258.231
5/24/2008,1,1128.052
5/25/2008,1,1050.947
5/26/2008,1,1381.911
5/27/2008,1,1398.667
5/28/2008,1,1429.284
5/29/2008,1,1409.855
5/30/2008,1,1399.015
5/31/2008,1,1190.04
6/1/2008,1,1060.393
6/2/2008,1,1379.592
6/3/2008,1,1389.905
6/4/2008,1,1397.524
6/5/2008,1,1393.859
6/6/2008,1,1357.035
6/7/2008,1,1165.5
6/8/2008,1,1045.6
6/9/2008,1,1355.783
6/10/2008,1,1380.759
6/11/2008,1,1371.815
6/12/2008,1,1368.108
6/13/2008,1,1346.021
6/14/2008,1,1133.244
6/15/2008,1,1035.383
6/16/2008,1,1343.318
6/17/2008,1,1368.623
6/18/2008,1,1373.078
6/19/2008,1,1371.182
6/20/2008,1,1340.465
6/21/2008,1,1139.909
6/22/2008,1,1060.216
6/23/2008,1,1380.828
6/24/2008,1,1368.77
6/25/2008,1,1383.384
6/26/2008,1,1373.551
6/27/2008,1,1372.462
6/28/2008,1,1163.012
6/29/2008,1,1038.172
6/30/2008,1,1346.422
7/1/2008,1,1380.288
7/2/2008,1,1397.098
7/3/2008,1,1404.763
7/4/2008,1,1355.638
7/5/2008,1,1129.876
7/6/2008,1,1041.709
7/7/2008,1,1338.199
7/8/2008,1,1370.67
7/9/2008,1,1369.517
7/10/2008,1,1369.54
7/11/2008,1,1352.139
7/12/2008,1,1146.634
7/13/2008,1,1029.243
7/14/2008,1,1324.471
7/15/2008,1,1345.819
7/16/2008,1,1359.372
7/17/2008,1,1362.253
7/18/2008,1,1333.615
7/19/2008,1,1119.765
7/20/2008,1,1031.074
7/21/2008,1,1334.297
7/22/2008,1,1334.409
7/23/2008,1,1326.747
7/24/2008,1,1324.874
7/25/2008,1,1314.228
7/26/2008,1,1142.574
7/27/2008,1,1039.321
7/28/2008,1,1330.953
7/29/2008,1,1359.079
7/30/2008,1,1350.439
7/31/2008,1,1350.253
8/1/2008,1,1328.425
8/2/2008,1,1117.795
8/3/2008,1,1046.408
8/4/2008,1,1349.001
8/5/2008,1,1344.579
8/6/2008,1,1334.72
8/7/2008,1,1359.001
8/8/2008,1,1327.802
8/9/2008,1,1132.256
8/10/2008,1,1047.261
8/11/2008,1,1340.211
8/12/2008,1,1385.901
8/13/2008,1,1375.108
8/14/2008,1,1359.224
8/15/2008,1,1307.532
8/16/2008,1,1126.097
8/17/2008,1,1031.6
8/18/2008,1,1337.886
8/19/2008,1,1373.632
8/20/2008,1,1371.919
8/21/2008,1,1360.072
8/22/2008,1,1352.729
8/23/2008,1,1152.011
8/24/2008,1,1043.285
8/25/2008,1,1346.973
8/26/2008,1,1372.02
8/27/2008,1,1378.079
8/28/2008,1,1397.458
8/29/2008,1,1376.338
8/30/2008,1,1133.253
8/31/2008,1,1040.452
9/1/2008,1,1386.419
9/2/2008,1,1399.869
9/3/2008,1,1409.421
9/4/2008,1,1405.844
9/5/2008,1,1369.44
9/6/2008,1,1177.626
9/7/2008,1,1073.273
9/8/2008,1,1368.883
9/9/2008,1,1385.615
9/10/2008,1,1416.681
9/11/2008,1,1406.622
9/12/2008,1,1409.787
9/13/2008,1,1177.786
9/14/2008,1,1055.011
9/15/2008,1,1395.105
9/16/2008,1,1426.671
9/17/2008,1,1429.348
9/18/2008,1,1425.22
9/19/2008,1,1396.562
9/20/2008,1,1182.659
9/21/2008,1,1098.646
9/22/2008,1,1432.421
9/23/2008,1,1471.072
9/24/2008,1,1451.046
9/25/2008,1,1455.36
9/26/2008,1,1404.2
9/27/2008,1,1182.677
9/28/2008,1,1092.82
9/29/2008,1,1415.974
9/30/2008,1,1486.405
10/1/2008,1,1519.184
10/2/2008,1,1475.456
10/3/2008,1,1145.489
10/4/2008,1,1166.78
10/5/2008,1,1170.868
10/6/2008,1,1425.122
10/7/2008,1,1441.127
10/8/2008,1,1438.879
10/9/2008,1,1440.893
10/10/2008,1,1414.967
10/11/2008,1,1217.037
10/12/2008,1,1105.859
10/13/2008,1,1426.102
10/14/2008,1,1453.235
10/15/2008,1,1472.339
10/16/2008,1,1503.075
10/17/2008,1,1467.77
10/18/2008,1,1228.575
10/19/2008,1,1146.579
10/20/2008,1,1446.064
10/21/2008,1,1494.947
10/22/2008,1,1491.166
10/23/2008,1,1479.125
10/24/2008,1,1457.668
10/25/2008,1,1232.862
10/26/2008,1,1188.091
10/27/2008,1,1471.108
10/28/2008,1,1502.589
10/29/2008,1,1501.806
10/30/2008,1,1501.929
10/31/2008,1,1408.747
11/1/2008,1,1181.148
11/2/2008,1,1126.57
11/3/2008,1,1438.222
11/4/2008,1,1460.009
11/5/2008,1,1470.287
11/6/2008,1,1473.127
11/7/2008,1,1448.528
11/8/2008,1,1244.168
11/9/2008,1,1183.714
11/10/2008,1,1519.742
11/11/2008,1,1521.103
11/12/2008,1,1503.844
11/13/2008,1,1489.027
11/14/2008,1,1485.666
11/15/2008,1,1286.46
11/16/2008,1,1202.267
11/17/2008,1,1466.185
11/18/2008,1,1533.402
11/19/2008,1,1557.775
11/20/2008,1,1587.9
11/21/2008,1,1495.77
11/22/2008,1,1306.652
11/23/2008,1,1211.173
11/24/2008,1,1499.246
11/25/2008,1,1532.641
11/26/2008,1,1553.878
11/27/2008,1,1545.397
11/28/2008,1,1484.277
11/29/2008,1,1268.967
11/30/2008,1,1178.042
12/1/2008,1,1491.789
12/2/2008,1,1538.111
12/3/2008,1,1541.102
12/4/2008,1,1535.108
12/5/2008,1,1474
12/6/2008,1,1254.08
12/7/2008,1,1167.657
12/8/2008,1,1486.874
12/9/2008,1,1517.789
12/10/2008,1,1513.498
12/11/2008,1,1512.489
12/12/2008,1,1469.565
12/13/2008,1,1292.95
12/14/2008,1,1182.781
12/15/2008,1,1447.775
12/16/2008,1,1469.645
12/17/2008,1,1466.277
12/18/2008,1,1424.95
12/19/2008,1,1361.965
12/20/2008,1,1258.028
12/21/2008,1,1129.423
12/22/2008,1,1299.522
12/23/2008,1,1226.172
12/24/2008,1,1086.798
12/25/2008,1,1002.092
12/26/2008,1,1006.087
12/27/2008,1,1097.525
12/28/2008,1,1047.014
12/29/2008,1,1198.295
12/30/2008,1,1199.765
12/31/2008,1,1117.617
1/1/2009,1,1018.975
1/2/2009,1,1161.911
1/3/2009,1,1178.078
1/4/2009,1,1130.021
1/5/2009,1,1333.041
1/6/2009,1,1340.896
1/7/2009,1,1472.995
1/8/2009,1,1454.562
1/9/2009,1,1453.077
1/10/2009,1,1280.255
1/11/2009,1,1228.367
1/12/2009,1,1537.377
1/13/2009,1,1538.894
1/14/2009,1,1515.169
1/15/2009,1,1480.042
1/16/2009,1,1458.938
1/17/2009,1,1264.181
1/18/2009,1,1210.11
1/19/2009,1,1485.709
1/20/2009,1,1476.079
1/21/2009,1,1461.161
1/22/2009,1,1482.797
1/23/2009,1,1486.699
1/24/2009,1,1243.165
1/25/2009,1,1121.128
1/26/2009,1,1415.942
1/27/2009,1,1464.606
1/28/2009,1,1453.836
1/29/2009,1,1439.424
1/30/2009,1,1403.57
1/31/2009,1,1238.919
2/1/2009,1,1235.619
2/2/2009,1,1532.456
2/3/2009,1,1510.231
2/4/2009,1,1503.451
2/5/2009,1,1496.134
2/6/2009,1,1438.485
2/7/2009,1,1249.533
2/8/2009,1,1170.835
2/9/2009,1,1465.422
2/10/2009,1,1521.007
2/11/2009,1,1532.091
2/12/2009,1,1487.231
2/13/2009,1,1451.942
2/14/2009,1,1257.399
2/15/2009,1,1188.094
2/16/2009,1,1467.767
2/17/2009,1,1494.171
2/18/2009,1,1493.244
2/19/2009,1,1468.157
2/20/2009,1,1431.137
2/21/2009,1,1222.47
2/22/2009,1,1164.115
2/23/2009,1,1361.949
2/24/2009,1,1369.316
2/25/2009,1,1403.307
2/26/2009,1,1469.486
2/27/2009,1,1405.005
2/28/2009,1,1190.291
3/1/2009,1,1098.937
3/2/2009,1,1413.017
3/3/2009,1,1427.385
3/4/2009,1,1423.119
3/5/2009,1,1432.391
3/6/2009,1,1401.981
3/7/2009,1,1190.84
3/8/2009,1,1114.724
3/9/2009,1,1410.659
3/10/2009,1,1442.865
3/11/2009,1,1411.512
3/12/2009,1,1421.815
3/13/2009,1,1337.766
3/14/2009,1,1118.664
3/15/2009,1,1067.434
3/16/2009,1,1330.62
3/17/2009,1,1403.564
3/18/2009,1,1367.561
3/19/2009,1,1355.794
3/20/2009,1,1302.11
3/21/2009,1,1125.085
3/22/2009,1,1130.425
3/23/2009,1,1437.337
3/24/2009,1,1420.783
3/25/2009,1,1409.995
3/26/2009,1,1387.61
3/27/2009,1,1326.001
3/28/2009,1,1150.563
3/29/2009,1,1049.947
3/30/2009,1,1332.565
3/31/2009,1,1342.825
4/1/2009,1,1324.322
4/2/2009,1,1300.695
4/3/2009,1,1234.903
4/4/2009,1,1057.054
4/5/2009,1,971.543
4/6/2009,1,1240.109
4/7/2009,1,1251.81
4/8/2009,1,1257.346
4/9/2009,1,1183.626
4/10/2009,1,922.425
4/11/2009,1,941.343
4/12/2009,1,842.395
4/13/2009,1,860.508
4/14/2009,1,1157.526
4/15/2009,1,1203.861
4/16/2009,1,1251.391
4/17/2009,1,1257.1
4/18/2009,1,1078.327
4/19/2009,1,944.848
4/20/2009,1,1232.893
4/21/2009,1,1260.746
4/22/2009,1,1276.489
4/23/2009,1,1280.617
4/24/2009,1,1230.096
4/25/2009,1,1054.01
4/26/2009,1,967.429
4/27/2009,1,1261.964
4/28/2009,1,1314.078
4/29/2009,1,1305.002
4/30/2009,1,1245.735
5/1/2009,1,910.081
5/2/2009,1,964.497
5/3/2009,1,934.002
5/4/2009,1,1257.193
5/5/2009,1,1324.692
5/6/2009,1,1368.857
5/7/2009,1,1279.065
5/8/2009,1,1265.691
5/9/2009,1,1047.747
5/10/2009,1,945.299
5/11/2009,1,1277.324
5/12/2009,1,1305.039
5/13/2009,1,1297.032
5/14/2009,1,1308.301
5/15/2009,1,1279.138
5/16/2009,1,1052.319
5/17/2009,1,952.148
5/18/2009,1,1237.623
5/19/2009,1,1241.564
5/20/2009,1,1216.551
5/21/2009,1,939.397
5/22/2009,1,1069.708
5/23/2009,1,986.871
5/24/2009,1,932.701
5/25/2009,1,1244.375
5/26/2009,1,1303.405
5/27/2009,1,1276.649
5/28/2009,1,1301.166
5/29/2009,1,1216.147
5/30/2009,1,989.289
5/31/2009,1,853.302
6/1/2009,1,862.577
6/2/2009,1,1201.522
6/3/2009,1,1259.555
6/4/2009,1,1267.093
6/5/2009,1,1230.255
6/6/2009,1,1068.386
6/7/2009,1,958.92
6/8/2009,1,1246.529
6/9/2009,1,1277.12
6/10/2009,1,1255.982
6/11/2009,1,1095.474
6/12/2009,1,1172.562
6/13/2009,1,1034.662
6/14/2009,1,931.702
6/15/2009,1,1263.042
6/16/2009,1,1264.813
6/17/2009,1,1247.367
6/18/2009,1,1279.025
6/19/2009,1,1257.991
6/20/2009,1,1032.422
6/21/2009,1,935.766
6/22/2009,1,1238.057
6/23/2009,1,1292.95
6/24/2009,1,1292.12
6/25/2009,1,1268.12
6/26/2009,1,1232.066
6/27/2009,1,1049.105
6/28/2009,1,944.52
6/29/2009,1,1246.344
6/30/2009,1,1287.658
7/1/2009,1,1293.127
7/2/2009,1,1289.24
7/3/2009,1,1265.667
7/4/2009,1,1038.845
7/5/2009,1,932.981
7/6/2009,1,1242.804
7/7/2009,1,1256.866
7/8/2009,1,1247.665
7/9/2009,1,1245.298
7/10/2009,1,1228.297
7/11/2009,1,1017.366
7/12/2009,1,939.9
7/13/2009,1,1214.356
7/14/2009,1,1258.647
7/15/2009,1,1262.809
7/16/2009,1,1239.984
7/17/2009,1,1228.551
7/18/2009,1,1032.839
7/19/2009,1,915.973
7/20/2009,1,1205.019
7/21/2009,1,1212.442
7/22/2009,1,1246.27
7/23/2009,1,1258.875
7/24/2009,1,1187.772
7/25/2009,1,1005.921
7/26/2009,1,890.208
7/27/2009,1,1178.529
7/28/2009,1,1197.376
7/29/2009,1,1196.711
7/30/2009,1,1217.832
7/31/2009,1,1151.822
8/1/2009,1,992.89
8/2/2009,1,934.065
8/3/2009,1,1183.942
8/4/2009,1,1186.975
8/5/2009,1,1187.343
8/6/2009,1,1203.712
8/7/2009,1,1185.31
8/8/2009,1,1028.781
8/9/2009,1,948.65
8/10/2009,1,1239.315
8/11/2009,1,1247.121
8/12/2009,1,1243.789
8/13/2009,1,1245.733
8/14/2009,1,1189.828
8/15/2009,1,1011.462
8/16/2009,1,943.434
8/17/2009,1,1231.747
8/18/2009,1,1252.744
8/19/2009,1,1261.043
8/20/2009,1,1287.016
8/21/2009,1,1257.76
8/22/2009,1,1036.386
8/23/2009,1,927.957
8/24/2009,1,1251.057
8/25/2009,1,1290.746
8/26/2009,1,1284.681
8/27/2009,1,1281.057
8/28/2009,1,1262.891
8/29/2009,1,1052.374
8/30/2009,1,949.777
8/31/2009,1,1239.968
9/1/2009,1,1324.961
9/2/2009,1,1325.802
9/3/2009,1,1345.627
9/4/2009,1,1317.175
9/5/2009,1,1120.168
9/6/2009,1,986.187
9/7/2009,1,1271.387
9/8/2009,1,1312.59
9/9/2009,1,1314.291
9/10/2009,1,1324.941
9/11/2009,1,1290.365
9/12/2009,1,1081.752
9/13/2009,1,1006.416
9/14/2009,1,1337.39
9/15/2009,1,1351.629
9/16/2009,1,1342.738
9/17/2009,1,1348.055
9/18/2009,1,1305.441
9/19/2009,1,1093.832
9/20/2009,1,997.675
9/21/2009,1,1304.28
9/22/2009,1,1337.094
9/23/2009,1,1344.884
9/24/2009,1,1335.881
9/25/2009,1,1289.55
9/26/2009,1,1080.103
9/27/2009,1,986.645
9/28/2009,1,1325.561
9/29/2009,1,1361.148
9/30/2009,1,1354.011
10/1/2009,1,1382.881
10/2/2009,1,1324.85
10/3/2009,1,1121.906
10/4/2009,1,1107.416
10/5/2009,1,1344.111
10/6/2009,1,1375.294
10/7/2009,1,1383.193
10/8/2009,1,1372.3
10/9/2009,1,1335.298
10/10/2009,1,1161.828
10/11/2009,1,1069.558
10/12/2009,1,1373.407
10/13/2009,1,1388.214
10/14/2009,1,1424.481
10/15/2009,1,1428.341
10/16/2009,1,1413.028
10/17/2009,1,1192.004
10/18/2009,1,1083.23
10/19/2009,1,1375.593
10/20/2009,1,1405.648
10/21/2009,1,1423.389
10/22/2009,1,1436.193
10/23/2009,1,1388.937
10/24/2009,1,1183.317
10/25/2009,1,1090.388
10/26/2009,1,1392.297
10/27/2009,1,1405.611
10/28/2009,1,1401.949
10/29/2009,1,1400.883
10/30/2009,1,1352.657
10/31/2009,1,1161.853
11/1/2009,1,1103.823
11/2/2009,1,1413.479
11/3/2009,1,1430.793
11/4/2009,1,1451.736
11/5/2009,1,1433.613
11/6/2009,1,1401.922
11/7/2009,1,1221.05
11/8/2009,1,1108.823
11/9/2009,1,1447.979
11/10/2009,1,1456.987
11/11/2009,1,1452.366
11/12/2009,1,1459.223
11/13/2009,1,1406.469
11/14/2009,1,1220.361
11/15/2009,1,1110.283
11/16/2009,1,1428.714
11/17/2009,1,1445.468
11/18/2009,1,1495.972
11/19/2009,1,1465.311
11/20/2009,1,1433.207
11/21/2009,1,1201.544
11/22/2009,1,1140.583
11/23/2009,1,1498.724
11/24/2009,1,1513.686
11/25/2009,1,1476.421
11/26/2009,1,1490.984
11/27/2009,1,1459.123
11/28/2009,1,1257.624
11/29/2009,1,1152.014
11/30/2009,1,1446.871
12/1/2009,1,1493.887
12/2/2009,1,1488.901
12/3/2009,1,1491.403
12/4/2009,1,1464.589
12/5/2009,1,1268.074
12/6/2009,1,1156.702
12/7/2009,1,1455.825
12/8/2009,1,1481.535
12/9/2009,1,1483.992
12/10/2009,1,1489.374
12/11/2009,1,1461.257
12/12/2009,1,1254.666
12/13/2009,1,1162.139
12/14/2009,1,1484.333
12/15/2009,1,1507.038
12/16/2009,1,1503.558
12/17/2009,1,1508.703
12/18/2009,1,1475.024
12/19/2009,1,1321.729
12/20/2009,1,1249.403
12/21/2009,1,1433.996
12/22/2009,1,1396.681
12/23/2009,1,1322.786
12/24/2009,1,1125.067
12/25/2009,1,1105.464
12/26/2009,1,1100.908
12/27/2009,1,1072.47
12/28/2009,1,1211.791
12/29/2009,1,1207.905
12/30/2009,1,1192.196
12/31/2009,1,1106.467
1/1/2010,1,1057.372
1/2/2010,1,1161.042
1/3/2010,1,1132.069
1/4/2010,1,1346.25
1/5/2010,1,1457.374
1/6/2010,1,1434.055
1/7/2010,1,1493.432
1/8/2010,1,1489.44
1/9/2010,1,1380.071
1/10/2010,1,1240.762
1/11/2010,1,1493.487
1/12/2010,1,1555.338
1/13/2010,1,1581.387
1/14/2010,1,1523.656
1/15/2010,1,1496.913
1/16/2010,1,1326.306
1/17/2010,1,1202.899
1/18/2010,1,1438.143
1/19/2010,1,1486.586
1/20/2010,1,1491.812
1/21/2010,1,1498.586
1/22/2010,1,1469.011
1/23/2010,1,1295.687
1/24/2010,1,1181.073
1/25/2010,1,1439.729
1/26/2010,1,1524.658
1/27/2010,1,1599.297
1/28/2010,1,1585.269
1/29/2010,1,1493.02
1/30/2010,1,1322.933
1/31/2010,1,1203.635
2/1/2010,1,1536.453
2/2/2010,1,1607.625
2/3/2010,1,1585.581
2/4/2010,1,1521.671
2/5/2010,1,1509.085
2/6/2010,1,1287.804
2/7/2010,1,1183.454
2/8/2010,1,1516.012
2/9/2010,1,1556.84
2/10/2010,1,1574.033
2/11/2010,1,1587.07
2/12/2010,1,1549.427
2/13/2010,1,1325.604
2/14/2010,1,1219.48
2/15/2010,1,1469.206
2/16/2010,1,1506.406
2/17/2010,1,1540.426
2/18/2010,1,1528.545
2/19/2010,1,1507.016
2/20/2010,1,1314.419
2/21/2010,1,1189.077
2/22/2010,1,1495.546
2/23/2010,1,1522.166
2/24/2010,1,1488.661
2/25/2010,1,1483.032
2/26/2010,1,1453.283
2/27/2010,1,1269.794
2/28/2010,1,1197.315
3/1/2010,1,1527.393
3/2/2010,1,1572.645
3/3/2010,1,1542.488
3/4/2010,1,1548.184
3/5/2010,1,1509.53
3/6/2010,1,1310.888
3/7/2010,1,1216.408
3/8/2010,1,1535.176
3/9/2010,1,1566.804
3/10/2010,1,1548.419
3/11/2010,1,1580.812
3/12/2010,1,1502.92
3/13/2010,1,1258.107
3/14/2010,1,1154.161
3/15/2010,1,1469.79
3/16/2010,1,1496.719
3/17/2010,1,1462.767
3/18/2010,1,1422.068
3/19/2010,1,1366.92
3/20/2010,1,1174.017
3/21/2010,1,1069.442
3/22/2010,1,1395.422
3/23/2010,1,1382.854
3/24/2010,1,1364.189
3/25/2010,1,1366.607
3/26/2010,1,1346.088
3/27/2010,1,1135.454
3/28/2010,1,1046.216
3/29/2010,1,1351.473
3/30/2010,1,1329.161
3/31/2010,1,1346.7
4/1/2010,1,1400.846
4/2/2010,1,1062.765
4/3/2010,1,1095.721
4/4/2010,1,1003.789
4/5/2010,1,1027.339
4/6/2010,1,1314.056
4/7/2010,1,1341.659
4/8/2010,1,1371.16
4/9/2010,1,1363.007
4/10/2010,1,1162.222
4/11/2010,1,1093.656
4/12/2010,1,1405.802
4/13/2010,1,1407.375
4/14/2010,1,1411.028
4/15/2010,1,1395.721
4/16/2010,1,1369.764
4/17/2010,1,1130.565
4/18/2010,1,1022.696
4/19/2010,1,1314.785
4/20/2010,1,1357.79
4/21/2010,1,1392.549
4/22/2010,1,1348.732
4/23/2010,1,1293.38
4/24/2010,1,1085.058
4/25/2010,1,1005.093
4/26/2010,1,1347.326
4/27/2010,1,1344.457
4/28/2010,1,1326.288
4/29/2010,1,1322.962
4/30/2010,1,1327.573
5/1/2010,1,1003.133
5/2/2010,1,1025.534
5/3/2010,1,1357.76
5/4/2010,1,1380.307
5/5/2010,1,1377.111
5/6/2010,1,1457.839
5/7/2010,1,1378.971
5/8/2010,1,1143.806
5/9/2010,1,1038.169
5/10/2010,1,1368.266
5/11/2010,1,1381.515
5/12/2010,1,1388.153
5/13/2010,1,1075.688
5/14/2010,1,1235.5
5/15/2010,1,1166.953
5/16/2010,1,1081.379
5/17/2010,1,1349.053
5/18/2010,1,1389.235
5/19/2010,1,1419.685
5/20/2010,1,1387.039
5/21/2010,1,1317.83
5/22/2010,1,1076.471
5/23/2010,1,944.937
5/24/2010,1,972.08
5/25/2010,1,1300.642
5/26/2010,1,1354.294
5/27/2010,1,1350.656
5/28/2010,1,1308.454
5/29/2010,1,1093.815
5/30/2010,1,1034.115
5/31/2010,1,1350.434
6/1/2010,1,1337.078
6/2/2010,1,1343.587
6/3/2010,1,1139.352
6/4/2010,1,1193.694
6/5/2010,1,1060.277
6/6/2010,1,999.883
6/7/2010,1,1330.382
6/8/2010,1,1340.937
6/9/2010,1,1353.64
6/10/2010,1,1369.273
6/11/2010,1,1359.522
6/12/2010,1,1138.5
6/13/2010,1,1023.968
6/14/2010,1,1295.099
6/15/2010,1,1310.23
6/16/2010,1,1320.143
6/17/2010,1,1342.281
6/18/2010,1,1310.582
6/19/2010,1,1125.19
6/20/2010,1,1023.359
6/21/2010,1,1310.216
6/22/2010,1,1319.276
6/23/2010,1,1307.482
6/24/2010,1,1316.54
6/25/2010,1,1308.492
6/26/2010,1,1104.93
6/27/2010,1,1005.694
6/28/2010,1,1327.922
6/29/2010,1,1361.925
6/30/2010,1,1358.699
7/1/2010,1,1363.287
7/2/2010,1,1357.976
7/3/2010,1,1148.143
7/4/2010,1,1051.176
7/5/2010,1,1343.797
7/6/2010,1,1350.172
7/7/2010,1,1329.224
7/8/2010,1,1353.055
7/9/2010,1,1359.894
7/10/2010,1,1154.16
7/11/2010,1,1072.726
7/12/2010,1,1378.439
7/13/2010,1,1370.114
7/14/2010,1,1385.916
7/15/2010,1,1369.997
7/16/2010,1,1317.36
7/17/2010,1,1120.184
7/18/2010,1,978.316
7/19/2010,1,1286.726
7/20/2010,1,1334.034
7/21/2010,1,1356.766
7/22/2010,1,1367.158
7/23/2010,1,1316.842
7/24/2010,1,1139.112
7/25/2010,1,1004.892
7/26/2010,1,1293.006
7/27/2010,1,1302.398
7/28/2010,1,1326.523
7/29/2010,1,1310.573
7/30/2010,1,1254.666
7/31/2010,1,1070.859
8/1/2010,1,985.373
8/2/2010,1,1273.612
8/3/2010,1,1276.331
8/4/2010,1,1279.071
8/5/2010,1,1286.819
8/6/2010,1,1271.639
8/7/2010,1,1073.063
8/8/2010,1,1008.784
8/9/2010,1,1279.168
8/10/2010,1,1298.341
8/11/2010,1,1322.18
8/12/2010,1,1323.868
8/13/2010,1,1278.425
8/14/2010,1,1097.85
8/15/2010,1,1032.592
8/16/2010,1,1314.507
8/17/2010,1,1365.176
8/18/2010,1,1362.255
8/19/2010,1,1324.15
8/20/2010,1,1299.964
8/21/2010,1,1113.113
8/22/2010,1,1050.307
8/23/2010,1,1383.504
8/24/2010,1,1380.643
8/25/2010,1,1364.467
8/26/2010,1,1360.084
8/27/2010,1,1360.238
8/28/2010,1,1134.577
8/29/2010,1,1051.797
8/30/2010,1,1328.642
8/31/2010,1,1340.262
9/1/2010,1,1361.163
9/2/2010,1,1362.512
9/3/2010,1,1352.272
9/4/2010,1,1146.773
9/5/2010,1,1037.348
9/6/2010,1,1326.903
9/7/2010,1,1415.65
9/8/2010,1,1446.078
9/9/2010,1,1418.822
9/10/2010,1,1372.188
9/11/2010,1,1138.029
9/12/2010,1,1060.951
9/13/2010,1,1382.423
9/14/2010,1,1426.966
9/15/2010,1,1440.877
9/16/2010,1,1426.917
9/17/2010,1,1393.312
9/18/2010,1,1188.621
9/19/2010,1,1059.551
9/20/2010,1,1373.955
9/21/2010,1,1404.236
9/22/2010,1,1396.958
9/23/2010,1,1394.067
9/24/2010,1,1383.504
9/25/2010,1,1173.425
9/26/2010,1,1077.891
9/27/2010,1,1441.433
9/28/2010,1,1475.471
9/29/2010,1,1419.43
9/30/2010,1,1422.38
10/1/2010,1,1400.481
10/2/2010,1,1207.986
10/3/2010,1,1087.575
10/4/2010,1,1387.41
10/5/2010,1,1422.973
10/6/2010,1,1412.552
10/7/2010,1,1420.114
10/8/2010,1,1412.619
10/9/2010,1,1185.625
10/10/2010,1,1072.749
10/11/2010,1,1376.504
10/12/2010,1,1421.409
10/13/2010,1,1431.431
10/14/2010,1,1446.613
10/15/2010,1,1431.414
10/16/2010,1,1238.037
10/17/2010,1,1136.901
10/18/2010,1,1424.016
10/19/2010,1,1470.059
10/20/2010,1,1493.732
10/21/2010,1,1512.96
10/22/2010,1,1484.337
10/23/2010,1,1250.925
10/24/2010,1,1212.523
10/25/2010,1,1460.396
10/26/2010,1,1475.015
10/27/2010,1,1480.974
10/28/2010,1,1471.12
10/29/2010,1,1434.233
10/30/2010,1,1235.68
10/31/2010,1,1118.753
11/1/2010,1,1213.349
11/2/2010,1,1460.858
11/3/2010,1,1482.434
11/4/2010,1,1513.322
11/5/2010,1,1498.494
11/6/2010,1,1255.457
11/7/2010,1,1151.835
11/8/2010,1,1460.779
11/9/2010,1,1490.641
11/10/2010,1,1499.223
11/11/2010,1,1504.188
11/12/2010,1,1520.523
11/13/2010,1,1256.934
11/14/2010,1,1133.64
11/15/2010,1,1454.903
11/16/2010,1,1522.929
11/17/2010,1,1520.737
11/18/2010,1,1524.217
11/19/2010,1,1496.896
11/20/2010,1,1290.092
11/21/2010,1,1172.968
11/22/2010,1,1530.921
11/23/2010,1,1594.259
11/24/2010,1,1582.969
11/25/2010,1,1571.194
11/26/2010,1,1549.409
11/27/2010,1,1351.143
11/28/2010,1,1262.721
11/29/2010,1,1616.449
11/30/2010,1,1622.161
12/1/2010,1,1709.568
12/2/2010,1,1664.896
12/3/2010,1,1632.359
12/4/2010,1,1434.737
12/5/2010,1,1329.448
12/6/2010,1,1576.333
12/7/2010,1,1605.18
12/8/2010,1,1610.804
12/9/2010,1,1625.65
12/10/2010,1,1594.237
12/11/2010,1,1445.663
12/12/2010,1,1283.285
12/13/2010,1,1576.131
12/14/2010,1,1645.804
12/15/2010,1,1644.222
12/16/2010,1,1652.187
12/17/2010,1,1571.711
12/18/2010,1,1392.611
12/19/2010,1,1267.556
12/20/2010,1,1538.837
12/21/2010,1,1537.312
12/22/2010,1,1487.529
12/23/2010,1,1416.185
12/24/2010,1,1215.323
12/25/2010,1,1145.555
12/26/2010,1,1149.256
12/27/2010,1,1339.74
12/28/2010,1,1357.764
12/29/2010,1,1357.192
12/30/2010,1,1332.367
12/31/2010,1,1199.812
1/1/2011,1,1080.314
1/2/2011,1,1104.799
1/3/2011,1,1422.242
1/4/2011,1,1482.161
1/5/2011,1,1489.005
1/6/2011,1,1387.512
1/7/2011,1,1404.173
1/8/2011,1,1248.835
1/9/2011,1,1161.691
1/10/2011,1,1495.649
1/11/2011,1,1530.622
1/12/2011,1,1536.61
1/13/2011,1,1528.005
1/14/2011,1,1489.536
1/15/2011,1,1269.807
1/16/2011,1,1158.68
1/17/2011,1,1482.824
1/18/2011,1,1520.566
1/19/2011,1,1538.906
1/20/2011,1,1559.147
1/21/2011,1,1544.487
1/22/2011,1,1338.866
1/23/2011,1,1207.908
1/24/2011,1,1530.659
1/25/2011,1,1562.18
1/26/2011,1,1568.568
1/27/2011,1,1571.236
1/28/2011,1,1553.966
1/29/2011,1,1354.328
1/30/2011,1,1228.002
1/31/2011,1,1553.724
2/1/2011,1,1607.306
2/2/2011,1,1599.595
2/3/2011,1,1572.52
2/4/2011,1,1532.522
2/5/2011,1,1298.435
2/6/2011,1,1173.3
2/7/2011,1,1472.621
2/8/2011,1,1505.453
2/9/2011,1,1523.607
2/10/2011,1,1518.262
2/11/2011,1,1466.917
2/12/2011,1,1254.182
2/13/2011,1,1143.461
2/14/2011,1,1459.736
2/15/2011,1,1505.231
2/16/2011,1,1487.208
2/17/2011,1,1503.79
2/18/2011,1,1506.451
2/19/2011,1,1278.38
2/20/2011,1,1174.911
2/21/2011,1,1517.787
2/22/2011,1,1557.384
2/23/2011,1,1573.469
2/24/2011,1,1557.491
2/25/2011,1,1512.316
2/26/2011,1,1280.418
2/27/2011,1,1160.09
2/28/2011,1,1471.11
3/1/2011,1,1489.261
3/2/2011,1,1499.328
3/3/2011,1,1495.256
3/4/2011,1,1470.026
3/5/2011,1,1263.706
3/6/2011,1,1141.524
3/7/2011,1,1412.353
3/8/2011,1,1448.185
3/9/2011,1,1479.812
3/10/2011,1,1465.654
3/11/2011,1,1429.635
3/12/2011,1,1207.971
3/13/2011,1,1089.81
3/14/2011,1,1408.525
3/15/2011,1,1404.983
3/16/2011,1,1437.534
3/17/2011,1,1466.414
3/18/2011,1,1441.319
3/19/2011,1,1186.426
3/20/2011,1,1092.594
3/21/2011,1,1418.354
3/22/2011,1,1441.497
3/23/2011,1,1437.463
3/24/2011,1,1425.321
3/25/2011,1,1402.984
3/26/2011,1,1197.815
3/27/2011,1,1065.539
3/28/2011,1,1399.327
3/29/2011,1,1414.582
3/30/2011,1,1411.898
3/31/2011,1,1431.579
4/1/2011,1,1396.482
4/2/2011,1,1146.676
4/3/2011,1,1060.371
4/4/2011,1,1416.563
4/5/2011,1,1431.696
4/6/2011,1,1427.643
4/7/2011,1,1458.444
4/8/2011,1,1430.029
4/9/2011,1,1187.092
4/10/2011,1,1082.334
4/11/2011,1,1410.998
4/12/2011,1,1466.407
4/13/2011,1,1473.387
4/14/2011,1,1464.788
4/15/2011,1,1429.578
4/16/2011,1,1209.07
4/17/2011,1,1079.892
4/18/2011,1,1407.477
4/19/2011,1,1425.741
4/20/2011,1,1417.891
4/21/2011,1,1378.554
4/22/2011,1,1066.316
4/23/2011,1,1090.041
4/24/2011,1,964.829
4/25/2011,1,1000.534
4/26/2011,1,1361.462
4/27/2011,1,1415.022
4/28/2011,1,1405.124
4/29/2011,1,1380.972
4/30/2011,1,1136.556
5/1/2011,1,971.752
5/2/2011,1,1371.201
5/3/2011,1,1420.217
5/4/2011,1,1431.142
5/5/2011,1,1424.536
5/6/2011,1,1385.438
5/7/2011,1,1176.578
5/8/2011,1,1055.016
5/9/2011,1,1395.54
5/10/2011,1,1421.322
5/11/2011,1,1418.886
5/12/2011,1,1415.283
5/13/2011,1,1382.053
5/14/2011,1,1170.63
5/15/2011,1,1033.263
5/16/2011,1,1367.012
5/17/2011,1,1393.951
5/18/2011,1,1406.908
5/19/2011,1,1417.387
5/20/2011,1,1390.054
5/21/2011,1,1167.279
5/22/2011,1,1055.781
5/23/2011,1,1372.984
5/24/2011,1,1406.008
5/25/2011,1,1396.676
5/26/2011,1,1417.049
5/27/2011,1,1393.554
5/28/2011,1,1159.803
5/29/2011,1,1043.107
5/30/2011,1,1383.248
5/31/2011,1,1416.199
6/1/2011,1,1352.278
6/2/2011,1,1044.364
6/3/2011,1,1210.604
6/4/2011,1,1117.677
6/5/2011,1,1032.762
6/6/2011,1,1377.524
6/7/2011,1,1408.77
6/8/2011,1,1395.61
6/9/2011,1,1399.686
6/10/2011,1,1357.049
6/11/2011,1,1126.835
6/12/2011,1,946.096
6/13/2011,1,995.46
6/14/2011,1,1363.213
6/15/2011,1,1400.402
6/16/2011,1,1406.481
6/17/2011,1,1364.349
6/18/2011,1,1148.773
6/19/2011,1,1026.796
6/20/2011,1,1340.264
6/21/2011,1,1386.096
6/22/2011,1,1373.855
6/23/2011,1,1131.391
6/24/2011,1,1253.125
6/25/2011,1,1129.227
6/26/2011,1,1026.129
6/27/2011,1,1361.952
6/28/2011,1,1383.681
6/29/2011,1,1400.54
6/30/2011,1,1367.841
7/1/2011,1,1331.41
7/2/2011,1,1108.551
7/3/2011,1,1014.854
7/4/2011,1,1358.545
7/5/2011,1,1390.187
7/6/2011,1,1391.762
7/7/2011,1,1395.315
7/8/2011,1,1358.948
7/9/2011,1,1141.552
7/10/2011,1,1023.542
7/11/2011,1,1354.459
7/12/2011,1,1401.985
7/13/2011,1,1400.376
7/14/2011,1,1359.981
7/15/2011,1,1323.392
7/16/2011,1,1115.463
7/17/2011,1,1009.417
7/18/2011,1,1318.246
7/19/2011,1,1350.734
7/20/2011,1,1352.434
7/21/2011,1,1338.309
7/22/2011,1,1307.515
7/23/2011,1,1092.609
7/24/2011,1,993.35
7/25/2011,1,1281.888
7/26/2011,1,1297.921
7/27/2011,1,1317.598
7/28/2011,1,1305.673
7/29/2011,1,1267.569
7/30/2011,1,1054.086
7/31/2011,1,954.143
8/1/2011,1,1259.474
8/2/2011,1,1293.695
8/3/2011,1,1298.464
8/4/2011,1,1296.757
8/5/2011,1,1277.144
8/6/2011,1,1113.54
8/7/2011,1,991.488
8/8/2011,1,1250.463
8/9/2011,1,1253.656
8/10/2011,1,1260.973
8/11/2011,1,1255.518
8/12/2011,1,1264.989
8/13/2011,1,1066.972
8/14/2011,1,979.297
8/15/2011,1,1218.898
8/16/2011,1,1281.479
8/17/2011,1,1296.609
8/18/2011,1,1311.168
8/19/2011,1,1287.353
8/20/2011,1,1070.705
8/21/2011,1,982.011
8/22/2011,1,1326.117
8/23/2011,1,1359.208
8/24/2011,1,1353.052
8/25/2011,1,1350.649
8/26/2011,1,1350.721
8/27/2011,1,1097.461
8/28/2011,1,983.708
8/29/2011,1,1306.122
8/30/2011,1,1324.197
8/31/2011,1,1343.465
9/1/2011,1,1364.571
9/2/2011,1,1354.447
9/3/2011,1,1152.872
9/4/2011,1,1057.882
9/5/2011,1,1373.96
9/6/2011,1,1379.099
9/7/2011,1,1376.702
9/8/2011,1,1381.408
9/9/2011,1,1379.194
9/10/2011,1,1147.994
9/11/2011,1,1042.874
9/12/2011,1,1367.281
9/13/2011,1,1388.066
9/14/2011,1,1376.68
9/15/2011,1,1375.75
9/16/2011,1,1360.534
9/17/2011,1,1144.622
9/18/2011,1,1036.406
9/19/2011,1,1357.303
9/20/2011,1,1383.449
9/21/2011,1,1377.459
9/22/2011,1,1379.248
9/23/2011,1,1353.942
9/24/2011,1,1131.997
9/25/2011,1,1039.603
9/26/2011,1,1370.917
9/27/2011,1,1399.823
9/28/2011,1,1395.705
9/29/2011,1,1402.594
9/30/2011,1,1368.823
10/1/2011,1,1164.573
10/2/2011,1,1039.455
10/3/2011,1,1061.849
10/4/2011,1,1389.196
10/5/2011,1,1423.514
10/6/2011,1,1437.352
10/7/2011,1,1406.627
10/8/2011,1,1184.899
10/9/2011,1,1070.484
10/10/2011,1,1417.704
10/11/2011,1,1433.538
10/12/2011,1,1437.389
10/13/2011,1,1431.205
10/14/2011,1,1409.235
10/15/2011,1,1196.039
10/16/2011,1,1080.772
10/17/2011,1,1432.886
10/18/2011,1,1462.545
10/19/2011,1,1462.723
10/20/2011,1,1465.479
10/21/2011,1,1447.614
10/22/2011,1,1220.753
10/23/2011,1,1096.752
10/24/2011,1,1432.816
10/25/2011,1,1454.961
10/26/2011,1,1462.579
10/27/2011,1,1456.567
10/28/2011,1,1426.774
10/29/2011,1,1197.73
10/30/2011,1,1083.878
10/31/2011,1,1273.574
11/1/2011,1,1216.177
11/2/2011,1,1441.74
11/3/2011,1,1464.221
11/4/2011,1,1437.942
11/5/2011,1,1219.767
11/6/2011,1,1100.276
11/7/2011,1,1442.192
11/8/2011,1,1489.599
11/9/2011,1,1481.952
11/10/2011,1,1488.715
11/11/2011,1,1464.244
11/12/2011,1,1242.931
11/13/2011,1,1138.125
11/14/2011,1,1490.052
11/15/2011,1,1541.901
11/16/2011,1,1534.039
11/17/2011,1,1540.679
11/18/2011,1,1509.202
11/19/2011,1,1266.468
11/20/2011,1,1137.805
11/21/2011,1,1496.654
11/22/2011,1,1540.564
11/23/2011,1,1557.65
11/24/2011,1,1549.322
11/25/2011,1,1524.047
11/26/2011,1,1280.691
11/27/2011,1,1159.414
11/28/2011,1,1501.093
11/29/2011,1,1543.25
11/30/2011,1,1533.63
12/1/2011,1,1528.032
12/2/2011,1,1483.922
12/3/2011,1,1275.396
12/4/2011,1,1144.172
12/5/2011,1,1487.929
12/6/2011,1,1559.132
12/7/2011,1,1569.945
12/8/2011,1,1546.424
12/9/2011,1,1509.629
12/10/2011,1,1270.216
12/11/2011,1,1145.702
12/12/2011,1,1501.819
12/13/2011,1,1557.446
12/14/2011,1,1531.311
12/15/2011,1,1527.552
12/16/2011,1,1505.59
12/17/2011,1,1281.529
12/18/2011,1,1183.141
12/19/2011,1,1503.744
12/20/2011,1,1513.241
12/21/2011,1,1485.166
12/22/2011,1,1422.471
12/23/2011,1,1309.173
12/24/2011,1,1080.905
12/25/2011,1,1011.431
12/26/2011,1,1010.596
12/27/2011,1,1206.98
12/28/2011,1,1216.645
12/29/2011,1,1226.888
12/30/2011,1,1199.866
12/31/2011,1,1077.625
1/1/2012,1,948.128
1/2/2012,1,1269.581
1/3/2012,1,1334.745
1/4/2012,1,1347.136
1/5/2012,1,1376.658
1/6/2012,1,1291.215
1/7/2012,1,1175.688
1/8/2012,1,1103.383
1/9/2012,1,1443.371
1/10/2012,1,1434.631
1/11/2012,1,1449.768
1/12/2012,1,1442.448
1/13/2012,1,1403.402
1/14/2012,1,1203.165
1/15/2012,1,1150.92
1/16/2012,1,1487.782
1/17/2012,1,1518.074
1/18/2012,1,1498.809
1/19/2012,1,1470.066
1/20/2012,1,1448.554
1/21/2012,1,1242.307
1/22/2012,1,1120.283
1/23/2012,1,1454.47
1/24/2012,1,1493.954
1/25/2012,1,1498.37
1/26/2012,1,1483.586
1/27/2012,1,1458.967
1/28/2012,1,1256.093
1/29/2012,1,1149.243
1/30/2012,1,1454.17
1/31/2012,1,1485.711
2/1/2012,1,1511.866
2/2/2012,1,1563.407
2/3/2012,1,1563.631
2/4/2012,1,1372.614
2/5/2012,1,1279.432
2/6/2012,1,1574.766
2/7/2012,1,1615.078
2/8/2012,1,1613.774
2/9/2012,1,1591.532
2/10/2012,1,1581.287
2/11/2012,1,1377.404
2/12/2012,1,1264.254
2/13/2012,1,1561.987
2/14/2012,1,1550.366
2/15/2012,1,1476.037
2/16/2012,1,1504.119
2/17/2012,1,1438.857
2/18/2012,1,1236.069
2/19/2012,1,1107.431
2/20/2012,1,1401.873
2/21/2012,1,1434.533
2/22/2012,1,1453.507
2/23/2012,1,1427.402
2/24/2012,1,1373.8
2/25/2012,1,1133.184
2/26/2012,1,1086.743
2/27/2012,1,1436.095
2/28/2012,1,1408.211
2/29/2012,1,1434.062
3/1/2012,1,1411.553
3/2/2012,1,1402.006
3/3/2012,1,1186.275
3/4/2012,1,1072.078
3/5/2012,1,1388.816
3/6/2012,1,1433.166
3/7/2012,1,1455.451
3/8/2012,1,1412.181
3/9/2012,1,1399.515
3/10/2012,1,1153.172
3/11/2012,1,1042.487
3/12/2012,1,1347.463
3/13/2012,1,1391.174
3/14/2012,1,1403.836
3/15/2012,1,1411.75
3/16/2012,1,1365.107
3/17/2012,1,1156.49
3/18/2012,1,1062.459
3/19/2012,1,1323.263
3/20/2012,1,1377.97
3/21/2012,1,1382.409
3/22/2012,1,1390.429
3/23/2012,1,1359.065
3/24/2012,1,1150.784
3/25/2012,1,1026.274
3/26/2012,1,1330.815
3/27/2012,1,1337.854
3/28/2012,1,1310.033
3/29/2012,1,1290.457
3/30/2012,1,1277.08
3/31/2012,1,1085.784
4/1/2012,1,1115.065
4/2/2012,1,1370.145
4/3/2012,1,1340.124
4/4/2012,1,1391.355
4/5/2012,1,1356.529
4/6/2012,1,1095.619
4/7/2012,1,1048.47
4/8/2012,1,927.223
4/9/2012,1,1030.772
4/10/2012,1,1349.738
4/11/2012,1,1398.856
4/12/2012,1,1288.302
4/13/2012,1,1292.923
4/14/2012,1,1222.985
4/15/2012,1,1166.63
4/16/2012,1,1419.061
4/17/2012,1,1414.206
4/18/2012,1,1440.052
4/19/2012,1,1418.122
4/20/2012,1,1393.302
4/21/2012,1,1214.49
4/22/2012,1,1063.047
4/23/2012,1,1310.91
4/24/2012,1,1320.723
4/25/2012,1,1361.395
4/26/2012,1,1427.093
4/27/2012,1,1400.451
4/28/2012,1,1176.568
4/29/2012,1,1029.079
4/30/2012,1,1149.575
5/1/2012,1,987.135
5/2/2012,1,1342.821
5/3/2012,1,1388.235
5/4/2012,1,1358.086
5/5/2012,1,1131.952
5/6/2012,1,1044.236
5/7/2012,1,1359.119
5/8/2012,1,1354.063
5/9/2012,1,1375.723
5/10/2012,1,1377.249
5/11/2012,1,1339.914
5/12/2012,1,1086.144
5/13/2012,1,1026.929
5/14/2012,1,1334.738
5/15/2012,1,1371.732
5/16/2012,1,1331.02
5/17/2012,1,1026.276
5/18/2012,1,1172.391
5/19/2012,1,1093.637
5/20/2012,1,1020.247
5/21/2012,1,1327.358
5/22/2012,1,1377.557
5/23/2012,1,1389.264
5/24/2012,1,1369.164
5/25/2012,1,1333.026
5/26/2012,1,1112.973
5/27/2012,1,960.155
5/28/2012,1,988.853
5/29/2012,1,1308.959
5/30/2012,1,1360.133
5/31/2012,1,1371.961
6/1/2012,1,1245.228
6/2/2012,1,1050.443
6/3/2012,1,1004.252
6/4/2012,1,1309.374
6/5/2012,1,1297.404
6/6/2012,1,1315.237
6/7/2012,1,1112.364
6/8/2012,1,1183.864
6/9/2012,1,1051.796
6/10/2012,1,984.376
6/11/2012,1,1326.483
6/12/2012,1,1343.234
6/13/2012,1,1326.28
6/14/2012,1,1336.51
6/15/2012,1,1319.754
6/16/2012,1,1104.877
6/17/2012,1,978.189
6/18/2012,1,1295.526
6/19/2012,1,1359.305
6/20/2012,1,1361.987
6/21/2012,1,1367.348
6/22/2012,1,1288.989
6/23/2012,1,1074.347
6/24/2012,1,966.313
6/25/2012,1,1239.681
6/26/2012,1,1280.592
6/27/2012,1,1355.332
6/28/2012,1,1352.232
6/29/2012,1,1328.236
6/30/2012,1,1109.917
7/1/2012,1,980.695
7/2/2012,1,1305.601
7/3/2012,1,1351.059
7/4/2012,1,1357.488
7/5/2012,1,1358.012
7/6/2012,1,1320.339
7/7/2012,1,1088.072
7/8/2012,1,979.263
7/9/2012,1,1277.879
7/10/2012,1,1335.8
7/11/2012,1,1308.424
7/12/2012,1,1270.422
7/13/2012,1,1279.65
7/14/2012,1,1044.088
7/15/2012,1,963.849
7/16/2012,1,1244.002
7/17/2012,1,1283.296
7/18/2012,1,1311.236
7/19/2012,1,1260.459
7/20/2012,1,1254.104
7/21/2012,1,1036.902
7/22/2012,1,955.195
7/23/2012,1,1264.464
7/24/2012,1,1298.041
7/25/2012,1,1315.315
7/26/2012,1,1324.677
7/27/2012,1,1315.591
7/28/2012,1,1068.831
7/29/2012,1,946.804
7/30/2012,1,1226.413
7/31/2012,1,1275.594
8/1/2012,1,1281.36
8/2/2012,1,1273.384
8/3/2012,1,1252.979
8/4/2012,1,1052.731
8/5/2012,1,970.34
8/6/2012,1,1218.308
8/7/2012,1,1195.361
8/8/2012,1,1232.55
8/9/2012,1,1251.813
8/10/2012,1,1220.577
8/11/2012,1,1027.19
8/12/2012,1,949.652
8/13/2012,1,1234.586
8/14/2012,1,1269.779
8/15/2012,1,1255.451
8/16/2012,1,1287.796
8/17/2012,1,1266.992
8/18/2012,1,1070.076
8/19/2012,1,992.062
8/20/2012,1,1322.886
8/21/2012,1,1367.368
8/22/2012,1,1314.675
8/23/2012,1,1314.028
8/24/2012,1,1306.214
8/25/2012,1,1072.07
8/26/2012,1,927.762
8/27/2012,1,1264.911
8/28/2012,1,1309.94
8/29/2012,1,1330.271
8/30/2012,1,1323.241
8/31/2012,1,1306.101
9/1/2012,1,1103.823
9/2/2012,1,1020.169
9/3/2012,1,1345.341
9/4/2012,1,1370.644
9/5/2012,1,1361.157
9/6/2012,1,1350.542
9/7/2012,1,1310.044
9/8/2012,1,1109.45
9/9/2012,1,1011.163
9/10/2012,1,1351.87
9/11/2012,1,1380.72
9/12/2012,1,1367.123
9/13/2012,1,1366.306
9/14/2012,1,1294.812
9/15/2012,1,1089.12
9/16/2012,1,1010.707
9/17/2012,1,1353.3
9/18/2012,1,1376.469
9/19/2012,1,1354.591
9/20/2012,1,1368.341
9/21/2012,1,1341.184
9/22/2012,1,1079.106
9/23/2012,1,1031.124
9/24/2012,1,1336.021
9/25/2012,1,1361.29
9/26/2012,1,1383.048
9/27/2012,1,1349.666
9/28/2012,1,1330.229
9/29/2012,1,1104.096
9/30/2012,1,1011.473
10/1/2012,1,1336.346
10/2/2012,1,1341.518
10/3/2012,1,1050.358
10/4/2012,1,1295.24
10/5/2012,1,1301.788
10/6/2012,1,1113.446
10/7/2012,1,1027.417
10/8/2012,1,1375.652
10/9/2012,1,1361.404
10/10/2012,1,1384.403
10/11/2012,1,1397.344
10/12/2012,1,1372.991
10/13/2012,1,1121.499
10/14/2012,1,1047.719
10/15/2012,1,1380.24
10/16/2012,1,1413.963
10/17/2012,1,1388.308
10/18/2012,1,1381.724
10/19/2012,1,1375.547
10/20/2012,1,1168.811
10/21/2012,1,1060.869
10/22/2012,1,1405.445
10/23/2012,1,1441.192
10/24/2012,1,1448.872
10/25/2012,1,1403.636
10/26/2012,1,1404.185
10/27/2012,1,1164.625
10/28/2012,1,1099.838
10/29/2012,1,1424.552
10/30/2012,1,1435.027
10/31/2012,1,1355.282
11/1/2012,1,1203.44
11/2/2012,1,1279.542
11/3/2012,1,1159.109
11/4/2012,1,1083.503
11/5/2012,1,1395.877
11/6/2012,1,1413.766
11/7/2012,1,1396.033
11/8/2012,1,1433.24
11/9/2012,1,1440.597
11/10/2012,1,1199.434
11/11/2012,1,1092.889
11/12/2012,1,1438.307
11/13/2012,1,1473.801
11/14/2012,1,1476.42
11/15/2012,1,1502.454
11/16/2012,1,1477.412
11/17/2012,1,1222.197
11/18/2012,1,1129.849
11/19/2012,1,1455.709
11/20/2012,1,1489.107
11/21/2012,1,1470.526
11/22/2012,1,1459.517
11/23/2012,1,1437.137
11/24/2012,1,1231.409
11/25/2012,1,1079.007
11/26/2012,1,1428.538
11/27/2012,1,1485.639
11/28/2012,1,1497.182
11/29/2012,1,1451.572
11/30/2012,1,1451.958
12/1/2012,1,1243.897
12/2/2012,1,1151.585
12/3/2012,1,1484.956
12/4/2012,1,1469.941
12/5/2012,1,1507.404
12/6/2012,1,1502.183
12/7/2012,1,1519.663
12/8/2012,1,1301.548
12/9/2012,1,1156.396
12/10/2012,1,1515.692
12/11/2012,1,1520.748
12/12/2012,1,1566.704
12/13/2012,1,1554.672
12/14/2012,1,1468.353
12/15/2012,1,1220.238
12/16/2012,1,1132.311
12/17/2012,1,1441.662
12/18/2012,1,1460.691
12/19/2012,1,1441.022
12/20/2012,1,1380.22
12/21/2012,1,1317.366
12/22/2012,1,1136.842
12/23/2012,1,1031.437
12/24/2012,1,990.706
12/25/2012,1,899.827
12/26/2012,1,909.618
12/27/2012,1,1068.617
12/28/2012,1,1109.424
12/29/2012,1,1014.55
12/30/2012,1,936.786
12/31/2012,1,969.81
1/1/2013,1,906.91
1/2/2013,1,1160.174
1/3/2013,1,1199.565
1/4/2013,1,1198.952
1/5/2013,1,1108.271
1/6/2013,1,1035.316
1/7/2013,1,1364.084
1/8/2013,1,1397.75
1/9/2013,1,1408.435
1/10/2013,1,1388.447
1/11/2013,1,1390.838
1/12/2013,1,1192.418
1/13/2013,1,1112.38
1/14/2013,1,1441.257
1/15/2013,1,1476.054
1/16/2013,1,1480.289
1/17/2013,1,1471.693
1/18/2013,1,1451.346
1/19/2013,1,1236.529
1/20/2013,1,1162.583
1/21/2013,1,1437.83
1/22/2013,1,1485.679
1/23/2013,1,1504.134
1/24/2013,1,1510.717
1/25/2013,1,1492.223
1/26/2013,1,1246.039
1/27/2013,1,1140.584
1/28/2013,1,1410.84
1/29/2013,1,1411.595
1/30/2013,1,1377.521
1/31/2013,1,1356.59
2/1/2013,1,1379.097
2/2/2013,1,1188.274
2/3/2013,1,1109.639
2/4/2013,1,1376.753
2/5/2013,1,1400.332
2/6/2013,1,1451.449
2/7/2013,1,1457.147
2/8/2013,1,1433.098
2/9/2013,1,1227.672
2/10/2013,1,1130.246
2/11/2013,1,1376.736
2/12/2013,1,1439.26
2/13/2013,1,1480.401
2/14/2013,1,1481.417
2/15/2013,1,1448.322
2/16/2013,1,1216.025
2/17/2013,1,1127.834
2/18/2013,1,1406.563
2/19/2013,1,1399.59
2/20/2013,1,1416.314
2/21/2013,1,1454.188
2/22/2013,1,1416.7
2/23/2013,1,1216.535
2/24/2013,1,1126.914
2/25/2013,1,1420.191
2/26/2013,1,1450.488
2/27/2013,1,1461.837
2/28/2013,1,1421.426
3/1/2013,1,1372.02
3/2/2013,1,1143.686
3/3/2013,1,1062.452
3/4/2013,1,1364.964
3/5/2013,1,1359.027
3/6/2013,1,1365.104
3/7/2013,1,1359.518
3/8/2013,1,1343.251
3/9/2013,1,1160.281
3/10/2013,1,1070.617
3/11/2013,1,1394.744
3/12/2013,1,1428.073
3/13/2013,1,1425.143
3/14/2013,1,1420.149
3/15/2013,1,1406.081
3/16/2013,1,1192.547
3/17/2013,1,1048.639
3/18/2013,1,1336.399
3/19/2013,1,1391.853
3/20/2013,1,1411.346
3/21/2013,1,1407.382
3/22/2013,1,1383.17
3/23/2013,1,1200.663
3/24/2013,1,1105.345
3/25/2013,1,1340.939
3/26/2013,1,1357.46
3/27/2013,1,1360.931
3/28/2013,1,1343.532
3/29/2013,1,1080.715
3/30/2013,1,1092.932
3/31/2013,1,1002.856
4/1/2013,1,1034.891
4/2/2013,1,1345.605
4/3/2013,1,1392.167
4/4/2013,1,1413.628
4/5/2013,1,1407.873
4/6/2013,1,1189.98
4/7/2013,1,1065.085
4/8/2013,1,1361.105
4/9/2013,1,1376.079
4/10/2013,1,1386.803
4/11/2013,1,1370.114
4/12/2013,1,1330.657
4/13/2013,1,1099.128
4/14/2013,1,1026.336
4/15/2013,1,1295.701
4/16/2013,1,1347.112
4/17/2013,1,1352.204
4/18/2013,1,1319.849
4/19/2013,1,1300.419
4/20/2013,1,1105.738
4/21/2013,1,1008.826
4/22/2013,1,1312.209
4/23/2013,1,1305.94
4/24/2013,1,1330.709
4/25/2013,1,1338.207
4/26/2013,1,1309.994
4/27/2013,1,1106.43
4/28/2013,1,1021.551
4/29/2013,1,1299.276
4/30/2013,1,1317.183
5/1/2013,1,1004.86
5/2/2013,1,1280.019
5/3/2013,1,1296.473
5/4/2013,1,1106.577
5/5/2013,1,1005.52
5/6/2013,1,1299.818
5/7/2013,1,1333.693
5/8/2013,1,1326.54
5/9/2013,1,1029.826
5/10/2013,1,1183.877
5/11/2013,1,1094.466
5/12/2013,1,999.825
5/13/2013,1,1294.342
5/14/2013,1,1312.383
5/15/2013,1,1300.191
5/16/2013,1,1305.024
5/17/2013,1,1284.766
5/18/2013,1,1078.711
5/19/2013,1,939.305
5/20/2013,1,952.727
5/21/2013,1,1278.721
5/22/2013,1,1303.334
5/23/2013,1,1326.926
5/24/2013,1,1297.862
5/25/2013,1,1076.837
5/26/2013,1,1018.874
5/27/2013,1,1312.264
5/28/2013,1,1305.03
5/29/2013,1,1314.747
5/30/2013,1,1098.099
5/31/2013,1,1194.177
6/1/2013,1,1031.124
6/2/2013,1,902.859
6/3/2013,1,1214.141
6/4/2013,1,1265.2
6/5/2013,1,1277.493
6/6/2013,1,1274.375
6/7/2013,1,1262.887
6/8/2013,1,1065.044
6/9/2013,1,971.738
6/10/2013,1,1258.977
6/11/2013,1,1287.7
6/12/2013,1,1298.307
6/13/2013,1,1289.905
6/14/2013,1,1235.415
6/15/2013,1,1045.69
6/16/2013,1,947.157
6/17/2013,1,1296.348
6/18/2013,1,1328.223
6/19/2013,1,1332.107
6/20/2013,1,1323.408
6/21/2013,1,1241.676
6/22/2013,1,1065.222
6/23/2013,1,959.418
6/24/2013,1,1263.825
6/25/2013,1,1255.952
6/26/2013,1,1237.281
6/27/2013,1,1280.278
6/28/2013,1,1264.697
6/29/2013,1,1037.834
6/30/2013,1,945.689
7/1/2013,1,1249.752
7/2/2013,1,1285.662
7/3/2013,1,1292.684
7/4/2013,1,1303.686
7/5/2013,1,1268.937
7/6/2013,1,1063.859
7/7/2013,1,969.737
7/8/2013,1,1280.343
7/9/2013,1,1305.309
7/10/2013,1,1278.179
7/11/2013,1,1273.06
7/12/2013,1,1254.568
7/13/2013,1,1044.867
7/14/2013,1,952.337
7/15/2013,1,1248.738
7/16/2013,1,1285.767
7/17/2013,1,1295.885
7/18/2013,1,1296.646
7/19/2013,1,1252.492
7/20/2013,1,1061.693
7/21/2013,1,983.663
7/22/2013,1,1280.555
7/23/2013,1,1292.027
7/24/2013,1,1296.148
7/25/2013,1,1317.171
7/26/2013,1,1293.677
7/27/2013,1,1088.862
7/28/2013,1,991.371
7/29/2013,1,1266.935
7/30/2013,1,1241.942
7/31/2013,1,1240.056
8/1/2013,1,1318.543
8/2/2013,1,1314.423
8/3/2013,1,1110.478
8/4/2013,1,1013.331
8/5/2013,1,1293.084
8/6/2013,1,1315.468
8/7/2013,1,1308.647
8/8/2013,1,1291.984
8/9/2013,1,1254.462
8/10/2013,1,1088.538
8/11/2013,1,990.552
8/12/2013,1,1264.423
8/13/2013,1,1281.806
8/14/2013,1,1270.136
8/15/2013,1,1230.894
8/16/2013,1,1235.737
8/17/2013,1,1064.704
8/18/2013,1,1003.82
8/19/2013,1,1279.894
8/20/2013,1,1262.606
8/21/2013,1,1265.775
8/22/2013,1,1277.201
8/23/2013,1,1273.278
8/24/2013,1,1089.364
8/25/2013,1,1005.29
8/26/2013,1,1291.821
8/27/2013,1,1306.896
8/28/2013,1,1295.979
8/29/2013,1,1285.918
8/30/2013,1,1267.145
8/31/2013,1,1072.235
9/1/2013,1,1018.549
9/2/2013,1,1329.525
9/3/2013,1,1344.162
9/4/2013,1,1344.665
9/5/2013,1,1352.091
9/6/2013,1,1330.415
9/7/2013,1,1111.058
9/8/2013,1,1023.103
9/9/2013,1,1315.33
9/10/2013,1,1346.696
9/11/2013,1,1356.023
9/12/2013,1,1343.379
9/13/2013,1,1321.844
9/14/2013,1,1122.69
9/15/2013,1,1037.48
9/16/2013,1,1348.881
9/17/2013,1,1376.859
9/18/2013,1,1382.113
9/19/2013,1,1368.321
9/20/2013,1,1353.114
9/21/2013,1,1109.983
9/22/2013,1,1034.784
9/23/2013,1,1337.004
9/24/2013,1,1343.883
9/25/2013,1,1345.291
9/26/2013,1,1357.468
9/27/2013,1,1320.766
9/28/2013,1,1107.352
9/29/2013,1,1058.327
9/30/2013,1,1340.561
10/1/2013,1,1356.25
10/2/2013,1,1356.806
10/3/2013,1,1114.298
10/4/2013,1,1243.239
10/5/2013,1,1102.931
10/6/2013,1,1029.171
10/7/2013,1,1332.582
10/8/2013,1,1355.787
10/9/2013,1,1368.275
10/10/2013,1,1375.585
10/11/2013,1,1390.856
10/12/2013,1,1156.703
10/13/2013,1,1059.1
10/14/2013,1,1359.007
10/15/2013,1,1388.107
10/16/2013,1,1386.258
10/17/2013,1,1439.136
10/18/2013,1,1358.135
10/19/2013,1,1161.249
10/20/2013,1,1073.035
10/21/2013,1,1365.215
10/22/2013,1,1393.467
10/23/2013,1,1425.148
10/24/2013,1,1374.195
10/25/2013,1,1367.943
10/26/2013,1,1176.6
10/27/2013,1,1121.969
10/28/2013,1,1434.242
10/29/2013,1,1421.424
10/30/2013,1,1391.847
10/31/2013,1,1352.353
11/1/2013,1,1207.43
11/2/2013,1,1176.259
11/3/2013,1,1151.302
11/4/2013,1,1432.748
11/5/2013,1,1448.568
11/6/2013,1,1463.362
11/7/2013,1,1451.321
11/8/2013,1,1402.112
11/9/2013,1,1243.213
11/10/2013,1,1129.633
11/11/2013,1,1409.638
11/12/2013,1,1439.701
11/13/2013,1,1441.604
11/14/2013,1,1452.086
11/15/2013,1,1406.642
11/16/2013,1,1219.449
11/17/2013,1,1117.711
11/18/2013,1,1422.174
11/19/2013,1,1453.625
11/20/2013,1,1440.757
11/21/2013,1,1461.718
11/22/2013,1,1437.637
11/23/2013,1,1218.068
11/24/2013,1,1137.567
11/25/2013,1,1440.468
11/26/2013,1,1462.164
11/27/2013,1,1493.989
11/28/2013,1,1508.714
11/29/2013,1,1488.75
11/30/2013,1,1254.591
12/1/2013,1,1161.769
12/2/2013,1,1434.486
12/3/2013,1,1468.226
12/4/2013,1,1511.246
12/5/2013,1,1563.832
12/6/2013,1,1545.494
12/7/2013,1,1278.523
12/8/2013,1,1189.613
12/9/2013,1,1477.263
12/10/2013,1,1474.226
12/11/2013,1,1475.435
12/12/2013,1,1475.418
12/13/2013,1,1456.19
12/14/2013,1,1276.979
12/15/2013,1,1194.796
12/16/2013,1,1467.555
12/17/2013,1,1457.235
12/18/2013,1,1447.499
12/19/2013,1,1430.139
12/20/2013,1,1345.651
12/21/2013,1,1250.817
12/22/2013,1,1141.975
12/23/2013,1,1199.865
12/24/2013,1,1128.997
12/25/2013,1,992.789
12/26/2013,1,989.254
12/27/2013,1,1166.552
12/28/2013,1,1089.79
12/29/2013,1,1031.149
12/30/2013,1,1149.097
12/31/2013,1,1068.429
1/1/2014,1,1080.08
1/2/2014,1,1343.101
1/3/2014,1,1379.776
1/4/2014,1,1271.029
1/5/2014,1,1182.416
1/6/2014,1,1408.202
1/7/2014,1,1529.25
1/8/2014,1,1550.398
1/9/2014,1,1572.194
1/10/2014,1,1552.413
1/11/2014,1,1350.439
1/12/2014,1,1243.628
1/13/2014,1,1582.797
1/14/2014,1,1597.275
1/15/2014,1,1592.384
1/16/2014,1,1607.804
1/17/2014,1,1571.637
1/18/2014,1,1353.455
1/19/2014,1,1255.814
1/20/2014,1,1590.687
1/21/2014,1,1624.806
1/22/2014,1,1625.155
1/23/2014,1,1631.373
1/24/2014,1,1617.411
1/25/2014,1,1399.124
1/26/2014,1,1302.735
1/27/2014,1,1612.213
1/28/2014,1,1636.751
1/29/2014,1,1659.96
1/30/2014,1,1651.529
1/31/2014,1,1605.265
2/1/2014,1,1391.43
2/2/2014,1,1265.416
2/3/2014,1,1598.551
2/4/2014,1,1617.799
2/5/2014,1,1623.241
2/6/2014,1,1597.979
2/7/2014,1,1576.93
2/8/2014,1,1365.813
2/9/2014,1,1252.107
2/10/2014,1,1577.328
2/11/2014,1,1600.185
2/12/2014,1,1597.122
2/13/2014,1,1602.375
2/14/2014,1,1570.213
2/15/2014,1,1347.503
2/16/2014,1,1237.654
2/17/2014,1,1548.644
2/18/2014,1,1582.932
2/19/2014,1,1588.602
2/20/2014,1,1564.341
2/21/2014,1,1549.993
2/22/2014,1,1330.959
2/23/2014,1,1206.696
2/24/2014,1,1521.083
2/25/2014,1,1552.925
2/26/2014,1,1555.038
2/27/2014,1,1553.46
2/28/2014,1,1524.716
3/1/2014,1,1310.863
3/2/2014,1,1205.382
3/3/2014,1,1479.361
3/4/2014,1,1521.878
3/5/2014,1,1550.944
3/6/2014,1,1546.473
3/7/2014,1,1514.897
3/8/2014,1,1279.162
3/9/2014,1,1161.496
3/10/2014,1,1479.23
3/11/2014,1,1521.112
3/12/2014,1,1516.331
3/13/2014,1,1510.033
3/14/2014,1,1488.044
3/15/2014,1,1303.214
3/16/2014,1,1199.315
3/17/2014,1,1498.042
3/18/2014,1,1528.932
3/19/2014,1,1524.762
3/20/2014,1,1498.548
3/21/2014,1,1474.562
3/22/2014,1,1280.873
3/23/2014,1,1176.87
3/24/2014,1,1499.18
3/25/2014,1,1521.834
3/26/2014,1,1522.582
3/27/2014,1,1510.903
3/28/2014,1,1470.81
3/29/2014,1,1243.377
3/30/2014,1,1125.085
3/31/2014,1,1446.114
4/1/2014,1,1478.178
4/2/2014,1,1471.166
4/3/2014,1,1470.548
4/4/2014,1,1461.671
4/5/2014,1,1237.849
4/6/2014,1,1131.553
4/7/2014,1,1448.664
4/8/2014,1,1496.591
4/9/2014,1,1497.473
4/10/2014,1,1485.145
4/11/2014,1,1454.772
4/12/2014,1,1227.196
4/13/2014,1,1129.114
4/14/2014,1,1478.427
4/15/2014,1,1504.507
4/16/2014,1,1486.581
4/17/2014,1,1452.004
4/18/2014,1,1150.044
4/19/2014,1,1146.115
4/20/2014,1,1022.538
4/21/2014,1,1059.095
4/22/2014,1,1412.359
4/23/2014,1,1447.726
4/24/2014,1,1450.887
4/25/2014,1,1426.432
4/26/2014,1,1217.886
4/27/2014,1,1130.993
4/28/2014,1,1451.764
4/29/2014,1,1468.143
4/30/2014,1,1432.06
5/1/2014,1,1099.884
5/2/2014,1,1308.181
5/3/2014,1,1196.095
5/4/2014,1,1111.713
5/5/2014,1,1423.702
5/6/2014,1,1451.314
5/7/2014,1,1464.422
5/8/2014,1,1471.633
5/9/2014,1,1450.379
5/10/2014,1,1221.389
5/11/2014,1,1122.323
5/12/2014,1,1449.973
5/13/2014,1,1471.536
5/14/2014,1,1473.9
5/15/2014,1,1468.244
5/16/2014,1,1430.868
5/17/2014,1,1206.499
5/18/2014,1,1107.433
5/19/2014,1,1421.566
5/20/2014,1,1449.074
5/21/2014,1,1457.263
5/22/2014,1,1459.234
5/23/2014,1,1429.832
5/24/2014,1,1199.258
5/25/2014,1,1089.246
5/26/2014,1,1429.811
5/27/2014,1,1464.019
5/28/2014,1,1441.622
5/29/2014,1,1128.151
5/30/2014,1,1261.208
5/31/2014,1,1147.44
6/1/2014,1,1068.982
6/2/2014,1,1403.083
6/3/2014,1,1433.509
6/4/2014,1,1444.044
6/5/2014,1,1436.595
6/6/2014,1,1403.466
6/7/2014,1,1176.898
6/8/2014,1,1029.637
6/9/2014,1,1075.393
6/10/2014,1,1425.094
6/11/2014,1,1452.282
6/12/2014,1,1433.946
6/13/2014,1,1409.767
6/14/2014,1,1173.157
6/15/2014,1,1060.016
6/16/2014,1,1372.914
6/17/2014,1,1404.609
6/18/2014,1,1395.354
6/19/2014,1,1208.285
6/20/2014,1,1310.358
6/21/2014,1,1155.962
6/22/2014,1,1066.92
6/23/2014,1,1403.576
6/24/2014,1,1434.542
6/25/2014,1,1434.41
6/26/2014,1,1413.061
6/27/2014,1,1400.165
6/28/2014,1,1192.279
6/29/2014,1,1094.965
6/30/2014,1,1398.098
7/1/2014,1,1407.234
7/2/2014,1,1418.936
7/3/2014,1,1424.626
7/4/2014,1,1401.193
7/5/2014,1,1192.741
7/6/2014,1,1096.519
7/7/2014,1,1415.363
7/8/2014,1,1455.751
7/9/2014,1,1446.773
7/10/2014,1,1430.759
7/11/2014,1,1403.109
7/12/2014,1,1176.602
7/13/2014,1,1078.057
7/14/2014,1,1386.762
7/15/2014,1,1424.134
7/16/2014,1,1436.438
7/17/2014,1,1439.77
7/18/2014,1,1419.386
7/19/2014,1,1207.587
7/20/2014,1,1113.844
7/21/2014,1,1429.35
7/22/2014,1,1440.878
7/23/2014,1,1428.897
7/24/2014,1,1425.512
7/25/2014,1,1396.902
7/26/2014,1,1184.844
7/27/2014,1,1090.885
7/28/2014,1,1399.811
7/29/2014,1,1427.072
7/30/2014,1,1421.525
7/31/2014,1,1391.858
8/1/2014,1,1351.763
8/2/2014,1,1152.935
8/3/2014,1,1052.11
8/4/2014,1,1332.53
8/5/2014,1,1348.567
8/6/2014,1,1343.235
8/7/2014,1,1352.921
8/8/2014,1,1336.572
8/9/2014,1,1148.349
8/10/2014,1,1053.571
8/11/2014,1,1329.38
8/12/2014,1,1346.617
8/13/2014,1,1341.527
8/14/2014,1,1338.15
8/15/2014,1,1287.993
8/16/2014,1,1125.591
8/17/2014,1,1050.517
8/18/2014,1,1347.832
8/19/2014,1,1365.968
8/20/2014,1,1365.495
8/21/2014,1,1356.223
8/22/2014,1,1344.779
8/23/2014,1,1145.574
8/24/2014,1,1060.239
8/25/2014,1,1367.119
8/26/2014,1,1409.568
8/27/2014,1,1399.388
8/28/2014,1,1406.689
8/29/2014,1,1388.598
8/30/2014,1,1169.708
8/31/2014,1,1079.792
9/1/2014,1,1387.259
9/2/2014,1,1415.362
9/3/2014,1,1418.535
9/4/2014,1,1419.51
9/5/2014,1,1396.018
9/6/2014,1,1172.116
9/7/2014,1,1078.244
9/8/2014,1,1397.91
9/9/2014,1,1423.748
9/10/2014,1,1425.248
9/11/2014,1,1423.049
9/12/2014,1,1423.06
9/13/2014,1,1188.869
9/14/2014,1,1086.61
9/15/2014,1,1413.548
9/16/2014,1,1432.668
9/17/2014,1,1439.671
9/18/2014,1,1439.382
9/19/2014,1,1413.083
9/20/2014,1,1190.711
9/21/2014,1,1108.882
9/22/2014,1,1430.587
9/23/2014,1,1426.598
9/24/2014,1,1441.296
9/25/2014,1,1452.119
9/26/2014,1,1429.24
9/27/2014,1,1191.276
9/28/2014,1,1094.546
9/29/2014,1,1418.665
9/30/2014,1,1451.462
10/1/2014,1,1447.344
10/2/2014,1,1415.769
10/3/2014,1,1110.308
10/4/2014,1,1140.025
10/5/2014,1,1101.846
10/6/2014,1,1433.779
10/7/2014,1,1479.844
10/8/2014,1,1478.642
10/9/2014,1,1478.021
10/10/2014,1,1438.007
10/11/2014,1,1210.109
10/12/2014,1,1112.591
10/13/2014,1,1446.082
10/14/2014,1,1462.093
10/15/2014,1,1463.674
10/16/2014,1,1480.27
10/17/2014,1,1456.43
10/18/2014,1,1213.968
10/19/2014,1,1104.944
10/20/2014,1,1452.216
10/21/2014,1,1494.806
10/22/2014,1,1524.348
10/23/2014,1,1505.152
10/24/2014,1,1469.695
10/25/2014,1,1250.048
10/26/2014,1,1146.154
10/27/2014,1,1462.771
10/28/2014,1,1506.889
10/29/2014,1,1510.275
10/30/2014,1,1498.149
10/31/2014,1,1416.136
11/1/2014,1,1179.257
11/2/2014,1,1132.342
11/3/2014,1,1474.104
11/4/2014,1,1510.933
11/5/2014,1,1530.091
11/6/2014,1,1514.495
11/7/2014,1,1500.385
11/8/2014,1,1261.024
11/9/2014,1,1168.962
11/10/2014,1,1501.365
11/11/2014,1,1535.672
11/12/2014,1,1543.143
11/13/2014,1,1540.201
11/14/2014,1,1510.641
11/15/2014,1,1293.132
11/16/2014,1,1190.046
11/17/2014,1,1502.959
11/18/2014,1,1552.335
11/19/2014,1,1535.652
11/20/2014,1,1547.113
11/21/2014,1,1527.836
11/22/2014,1,1306.239
11/23/2014,1,1192.159
11/24/2014,1,1518.845
11/25/2014,1,1559.897
11/26/2014,1,1580.036
11/27/2014,1,1578.16
11/28/2014,1,1568.285
11/29/2014,1,1358.272
11/30/2014,1,1262.219
12/1/2014,1,1607.283
12/2/2014,1,1638.098
12/3/2014,1,1649.827
12/4/2014,1,1639.12
12/5/2014,1,1604.009
12/6/2014,1,1363.198
12/7/2014,1,1272.225
12/8/2014,1,1584.181
12/9/2014,1,1632.551
12/10/2014,1,1648.487
12/11/2014,1,1631.714
12/12/2014,1,1578.794
12/13/2014,1,1342.898
12/14/2014,1,1246.85
12/15/2014,1,1551.297
12/16/2014,1,1563.686
12/17/2014,1,1564.912
12/18/2014,1,1518.968
12/19/2014,1,1460.466
12/20/2014,1,1302.196
12/21/2014,1,1195.561
12/22/2014,1,1363.14
12/23/2014,1,1326.533
12/24/2014,1,1154.524
12/25/2014,1,1089.457
12/26/2014,1,1101.683
12/27/2014,1,1198.834
12/28/2014,1,1168.079
12/29/2014,1,1316.093
12/30/2014,1,1300.367
12/31/2014,1,1183.51
1/1/2015,1,1111.336
1/2/2015,1,1300.884
1/3/2015,1,1265.271
1/4/2015,1,1198.854
1/5/2015,1,1449.861
1/6/2015,1,1452.891
1/7/2015,1,1569.872
1/8/2015,1,1586.974
1/9/2015,1,1563.293
1/10/2015,1,1331.448
1/11/2015,1,1262.161
1/12/2015,1,1582.066
1/13/2015,1,1574.302
1/14/2015,1,1593.682
1/15/2015,1,1602.404
1/16/2015,1,1565.32
1/17/2015,1,1354.801
1/18/2015,1,1267.489
1/19/2015,1,1594.869
1/20/2015,1,1629.73
1/21/2015,1,1632.146
1/22/2015,1,1636.978
1/23/2015,1,1616.264
1/24/2015,1,1402.911
1/25/2015,1,1290.655
1/26/2015,1,1611.883
1/27/2015,1,1620.565
1/28/2015,1,1626.164
1/29/2015,1,1620.04
1/30/2015,1,1587.346
1/31/2015,1,1360.551
2/1/2015,1,1273.828
2/2/2015,1,1608.68
2/3/2015,1,1639.26
2/4/2015,1,1651.314
2/5/2015,1,1647.357
2/6/2015,1,1620.507
2/7/2015,1,1408.553
2/8/2015,1,1296.855
2/9/2015,1,1618.607
2/10/2015,1,1626.864
2/11/2015,1,1623.086
2/12/2015,1,1619.396
2/13/2015,1,1583.173
2/14/2015,1,1359.135
2/15/2015,1,1261.167
2/16/2015,1,1536.78
2/17/2015,1,1600.019
2/18/2015,1,1611.379
2/19/2015,1,1607.741
2/20/2015,1,1571.017
2/21/2015,1,1345.913
2/22/2015,1,1256.938
2/23/2015,1,1592.656
2/24/2015,1,1604.991
2/25/2015,1,1585.249
2/26/2015,1,1579.35
2/27/2015,1,1569.187
2/28/2015,1,1340.489
3/1/2015,1,1235.836
3/2/2015,1,1546.866
3/3/2015,1,1570.639
3/4/2015,1,1579.064
3/5/2015,1,1573.558
3/6/2015,1,1547.83
3/7/2015,1,1317.425
3/8/2015,1,1182.494
3/9/2015,1,1496.531
3/10/2015,1,1537.668
3/11/2015,1,1530.601
3/12/2015,1,1536.444
3/13/2015,1,1524.474
3/14/2015,1,1320.247
3/15/2015,1,1212.893
3/16/2015,1,1507.519
3/17/2015,1,1506.485
3/18/2015,1,1498.96
3/19/2015,1,1508.011
3/20/2015,1,1490.008
3/21/2015,1,1304.469
3/22/2015,1,1196.051
3/23/2015,1,1500.293
3/24/2015,1,1518.172
3/25/2015,1,1508.028
3/26/2015,1,1521.241
3/27/2015,1,1499.701
3/28/2015,1,1274.136
3/29/2015,1,1187.673
3/30/2015,1,1500.454
3/31/2015,1,1517.419
4/1/2015,1,1531.944
4/2/2015,1,1506.147
4/3/2015,1,1174.095
4/4/2015,1,1193.274
4/5/2015,1,1084.83
4/6/2015,1,1122.724
4/7/2015,1,1464.286
4/8/2015,1,1476.07
4/9/2015,1,1448.204
4/10/2015,1,1420.437
4/11/2015,1,1230.603
4/12/2015,1,1122.555
4/13/2015,1,1444.641
4/14/2015,1,1463.975
4/15/2015,1,1455.666
4/16/2015,1,1447.202
4/17/2015,1,1432.894
4/18/2015,1,1199.975
4/19/2015,1,1102.443
4/20/2015,1,1410.487
4/21/2015,1,1432.199
4/22/2015,1,1423.398
4/23/2015,1,1418.293
4/24/2015,1,1398.64
4/25/2015,1,1201.174
4/26/2015,1,1103.922
4/27/2015,1,1447.782
4/28/2015,1,1467.317
4/29/2015,1,1453.773
4/30/2015,1,1424.302
5/1/2015,1,1079.915
5/2/2015,1,1125.912
5/3/2015,1,1101.446
5/4/2015,1,1413.223
5/5/2015,1,1445.995
5/6/2015,1,1434.754
5/7/2015,1,1430.15
5/8/2015,1,1392.394
5/9/2015,1,1184.991
5/10/2015,1,1088.438
5/11/2015,1,1407.102
5/12/2015,1,1433.055
5/13/2015,1,1395.238
5/14/2015,1,1098.291
5/15/2015,1,1245.49
5/16/2015,1,1151.318
5/17/2015,1,1076.939
5/18/2015,1,1396.521
5/19/2015,1,1434.103
5/20/2015,1,1425.217
5/21/2015,1,1423.081
5/22/2015,1,1393.65
5/23/2015,1,1163.304
5/24/2015,1,1010.009
5/25/2015,1,1054.735
5/26/2015,1,1388.669
5/27/2015,1,1420.104
5/28/2015,1,1416.905
5/29/2015,1,1391.308
5/30/2015,1,1182.868
5/31/2015,1,1084.568
6/1/2015,1,1394.145
6/2/2015,1,1437.818
6/3/2015,1,1412.579
6/4/2015,1,1205.178
6/5/2015,1,1320.672
6/6/2015,1,1174.111
6/7/2015,1,1070.875
6/8/2015,1,1395.467
6/9/2015,1,1418.821
6/10/2015,1,1424.7
6/11/2015,1,1420.772
6/12/2015,1,1411.397
6/13/2015,1,1192.32
6/14/2015,1,1073.904
6/15/2015,1,1393.554
6/16/2015,1,1401.419
6/17/2015,1,1402.199
6/18/2015,1,1419.662
6/19/2015,1,1395.931
6/20/2015,1,1180.535
6/21/2015,1,1085.127
6/22/2015,1,1409.975
6/23/2015,1,1431.524
6/24/2015,1,1431.097
6/25/2015,1,1417.865
6/26/2015,1,1394.149
6/27/2015,1,1175.912
6/28/2015,1,1064.642
6/29/2015,1,1398.283
6/30/2015,1,1423.809
7/1/2015,1,1444.957
7/2/2015,1,1470.2
7/3/2015,1,1439.366
7/4/2015,1,1215.227
7/5/2015,1,1121.175
7/6/2015,1,1422.065
7/7/2015,1,1454.992
7/8/2015,1,1434.461
7/9/2015,1,1415.71
7/10/2015,1,1380.306
7/11/2015,1,1165.998
7/12/2015,1,1084.822
7/13/2015,1,1401.845
7/14/2015,1,1429.539
7/15/2015,1,1430.462
7/16/2015,1,1440.181
7/17/2015,1,1425.905
7/18/2015,1,1186.873
7/19/2015,1,1093.809
7/20/2015,1,1399.288
7/21/2015,1,1449.58
7/22/2015,1,1442.967
7/23/2015,1,1417.126
7/24/2015,1,1388.711
7/25/2015,1,1176.33
7/26/2015,1,1051.867
7/27/2015,1,1354.408
7/28/2015,1,1379.207
7/29/2015,1,1374.893
7/30/2015,1,1370.35
7/31/2015,1,1326.948
8/1/2015,1,1123.809
8/2/2015,1,1038.046
8/3/2015,1,1353.912
8/4/2015,1,1385.44
8/5/2015,1,1368.478
8/6/2015,1,1389.743
8/7/2015,1,1363.039
8/8/2015,1,1162.867
8/9/2015,1,1071.309
8/10/2015,1,1364.364
8/11/2015,1,1384.07
8/12/2015,1,1394.084
8/13/2015,1,1394.573
8/14/2015,1,1365.638
8/15/2015,1,1143.305
8/16/2015,1,1068.273
8/17/2015,1,1364.661
8/18/2015,1,1374.693
8/19/2015,1,1363.831
8/20/2015,1,1367.7
8/21/2015,1,1343.751
8/22/2015,1,1144.347
8/23/2015,1,1063.363
8/24/2015,1,1386.899
8/25/2015,1,1400.484
8/26/2015,1,1411.119
8/27/2015,1,1423.337
8/28/2015,1,1383.029
8/29/2015,1,1164.636
8/30/2015,1,1085.568
8/31/2015,1,1418.065
9/1/2015,1,1454.193
9/2/2015,1,1431.186
9/3/2015,1,1424.913
9/4/2015,1,1398.09
9/5/2015,1,1188.41
9/6/2015,1,1108.465
9/7/2015,1,1409.703
9/8/2015,1,1434.184
9/9/2015,1,1426.93
9/10/2015,1,1426.198
9/11/2015,1,1407.695
9/12/2015,1,1201.761
9/13/2015,1,1113.172
9/14/2015,1,1438.257
9/15/2015,1,1458.246
9/16/2015,1,1475.5
9/17/2015,1,1478.113
9/18/2015,1,1415.759
9/19/2015,1,1194.287
9/20/2015,1,1109.639
9/21/2015,1,1420.448
9/22/2015,1,1461.989
9/23/2015,1,1466.2
9/24/2015,1,1456.21
9/25/2015,1,1427.929
9/26/2015,1,1212.761
9/27/2015,1,1121.202
9/28/2015,1,1431.729
9/29/2015,1,1459.78
9/30/2015,1,1458.914
10/1/2015,1,1425.006
10/2/2015,1,1391.05
10/3/2015,1,1103.113
10/4/2015,1,1096.609
10/5/2015,1,1411.536
10/6/2015,1,1472.839
10/7/2015,1,1482.683
10/8/2015,1,1476.684
10/9/2015,1,1434.129
10/10/2015,1,1214.974
10/11/2015,1,1126.644
10/12/2015,1,1445.207
10/13/2015,1,1511.174
10/14/2015,1,1541.517
10/15/2015,1,1543.672
10/16/2015,1,1508.635
10/17/2015,1,1271.678
10/18/2015,1,1179.09
10/19/2015,1,1492.327
10/20/2015,1,1515.969
10/21/2015,1,1511.232
10/22/2015,1,1514.531
10/23/2015,1,1464.955
10/24/2015,1,1245.404
10/25/2015,1,1166.55
10/26/2015,1,1460.365
10/27/2015,1,1501.482
10/28/2015,1,1513.639
10/29/2015,1,1505.791
10/30/2015,1,1482.989
10/31/2015,1,1237.624
11/1/2015,1,1163.587
11/2/2015,1,1487.294
11/3/2015,1,1524.191
11/4/2015,1,1523.905
11/5/2015,1,1505.157
11/6/2015,1,1479.034
11/7/2015,1,1269.524
11/8/2015,1,1162.261
11/9/2015,1,1496.931
11/10/2015,1,1533.091
11/11/2015,1,1521.932
11/12/2015,1,1518.605
11/13/2015,1,1512.112
11/14/2015,1,1298.132
11/15/2015,1,1203.657
11/16/2015,1,1504.112
11/17/2015,1,1542.282
11/18/2015,1,1533.125
11/19/2015,1,1550.195
11/20/2015,1,1531.888
11/21/2015,1,1312.858
11/22/2015,1,1241.689
11/23/2015,1,1563.445
11/24/2015,1,1616.77
11/25/2015,1,1613.408
11/26/2015,1,1596.015
11/27/2015,1,1573.074
11/28/2015,1,1364.086
11/29/2015,1,1267.062
11/30/2015,1,1571.189
12/1/2015,1,1588.021
12/2/2015,1,1585.308
12/3/2015,1,1577.457
12/4/2015,1,1570.318
12/5/2015,1,1337.095
12/6/2015,1,1232.073
12/7/2015,1,1536.251
12/8/2015,1,1572.74
12/9/2015,1,1586.393
12/10/2015,1,1596.593
12/11/2015,1,1578.22
12/12/2015,1,1334.376
12/13/2015,1,1242.101
12/14/2015,1,1554.947
12/15/2015,1,1567.9
12/16/2015,1,1562.404
12/17/2015,1,1512.095
12/18/2015,1,1462.443
12/19/2015,1,1255.073
12/20/2015,1,1165.159
12/21/2015,1,1396.454
12/22/2015,1,1379.031
12/23/2015,1,1312.974
12/24/2015,1,1121.944
12/25/2015,1,1047.277
12/26/2015,1,1049.349
12/27/2015,1,1068.214
12/28/2015,1,1219.075
12/29/2015,1,1233.66
12/30/2015,1,1238.863
12/31/2015,1,1158.103
1/1/2016,1,1060.366
1/2/2016,1,1192.698
1/3/2016,1,1179.282
1/4/2016,1,1456.294
1/5/2016,1,1506.737
1/6/2016,1,1454.685
1/7/2016,1,1540.304
1/8/2016,1,1515.84
1/9/2016,1,1311.996
1/10/2016,1,1217.985
1/11/2016,1,1543.692
1/12/2016,1,1574.058
1/13/2016,1,1595.181
1/14/2016,1,1594.6
1/15/2016,1,1589.38
1/16/2016,1,1376.513
1/17/2016,1,1288.699
1/18/2016,1,1629.911
1/19/2016,1,1672.32
1/20/2016,1,1661.646
1/21/2016,1,1657.049
1/22/2016,1,1653.635
1/23/2016,1,1400.292
1/24/2016,1,1274.629
1/25/2016,1,1556.816
1/26/2016,1,1570.884
1/27/2016,1,1574.427
1/28/2016,1,1559.91
1/29/2016,1,1545.318
1/30/2016,1,1339.319
1/31/2016,1,1233.714
2/1/2016,1,1533.857
2/2/2016,1,1565.493
2/3/2016,1,1583.04
2/4/2016,1,1588.979
2/5/2016,1,1545.368
2/6/2016,1,1293.588
2/7/2016,1,1209.617
2/8/2016,1,1498.211
2/9/2016,1,1550.349
2/10/2016,1,1578.526
2/11/2016,1,1562.214
2/12/2016,1,1541.945
2/13/2016,1,1331.757
2/14/2016,1,1228.404
2/15/2016,1,1565.899
2/16/2016,1,1596.259
2/17/2016,1,1611.729
2/18/2016,1,1584.18
2/19/2016,1,1575.679
2/20/2016,1,1366.934
2/21/2016,1,1229.811
2/22/2016,1,1534.638
2/23/2016,1,1575.798
2/24/2016,1,1578.573
2/25/2016,1,1581.22
2/26/2016,1,1543.553
2/27/2016,1,1314.531
2/28/2016,1,1221.887
2/29/2016,1,1544.11
3/1/2016,1,1581.822
3/2/2016,1,1573.211
3/3/2016,1,1562.373
3/4/2016,1,1548.866
3/5/2016,1,1317.666
3/6/2016,1,1223.36
3/7/2016,1,1531.428
3/8/2016,1,1574.837
3/9/2016,1,1563.842
3/10/2016,1,1546.814
3/11/2016,1,1531.62
3/12/2016,1,1320.899
3/13/2016,1,1217.183
3/14/2016,1,1511.613
3/15/2016,1,1568.054
3/16/2016,1,1560.626
3/17/2016,1,1530.473
3/18/2016,1,1518.48
3/19/2016,1,1313.651
3/20/2016,1,1210.452
3/21/2016,1,1518.724
3/22/2016,1,1534.757
3/23/2016,1,1527.499
3/24/2016,1,1491.316
3/25/2016,1,1200.708
3/26/2016,1,1175.789
3/27/2016,1,1078.086
3/28/2016,1,1114.596
3/29/2016,1,1442.356
3/30/2016,1,1491.498
3/31/2016,1,1482.205
4/1/2016,1,1451.858
4/2/2016,1,1218.446
4/3/2016,1,1107.613
4/4/2016,1,1418.247
4/5/2016,1,1453.871
4/6/2016,1,1466.728
4/7/2016,1,1472.789
4/8/2016,1,1440.043
4/9/2016,1,1206.636
4/10/2016,1,1106.457
4/11/2016,1,1412.149
4/12/2016,1,1446.925
4/13/2016,1,1458.691
4/14/2016,1,1447.353
4/15/2016,1,1429.323
4/16/2016,1,1200.125
4/17/2016,1,1113.521
4/18/2016,1,1428.782
4/19/2016,1,1452.976
4/20/2016,1,1438.061
4/21/2016,1,1433.142
4/22/2016,1,1410.083
4/23/2016,1,1208.184
4/24/2016,1,1126.023
4/25/2016,1,1456.44
4/26/2016,1,1493.585
4/27/2016,1,1507.164
4/28/2016,1,1483.175
4/29/2016,1,1451.057
4/30/2016,1,1205.869
5/1/2016,1,1078.602
5/2/2016,1,1405.185
5/3/2016,1,1462.935
5/4/2016,1,1430.136
5/5/2016,1,1111.379
5/6/2016,1,1254.051
5/7/2016,1,1149.938
5/8/2016,1,1072.653
5/9/2016,1,1403.845
5/10/2016,1,1431.813
5/11/2016,1,1441.717
5/12/2016,1,1444.324
5/13/2016,1,1405.332
5/14/2016,1,1168.618
5/15/2016,1,1048.215
5/16/2016,1,1080.327
5/17/2016,1,1406.559
5/18/2016,1,1432.772
5/19/2016,1,1436.909
5/20/2016,1,1415.619
5/21/2016,1,1175.567
5/22/2016,1,1099.152
5/23/2016,1,1430.635
5/24/2016,1,1454.007
5/25/2016,1,1426.676
5/26/2016,1,1221.096
5/27/2016,1,1313.71
5/28/2016,1,1169.531
5/29/2016,1,1096.905
5/30/2016,1,1423.574
5/31/2016,1,1435.085
6/1/2016,1,1431.441
6/2/2016,1,1421.839
6/3/2016,1,1394.273
6/4/2016,1,1170.051
6/5/2016,1,1076.44
6/6/2016,1,1393.733
6/7/2016,1,1419.232
6/8/2016,1,1420.198
6/9/2016,1,1405.974
6/10/2016,1,1371.476
6/11/2016,1,1156.451
6/12/2016,1,1080.805
6/13/2016,1,1390.936
6/14/2016,1,1413.197
6/15/2016,1,1408.312
6/16/2016,1,1405.908
6/17/2016,1,1382.577
6/18/2016,1,1162.117
6/19/2016,1,1066.99
6/20/2016,1,1377.795
6/21/2016,1,1408.899
6/22/2016,1,1426.195
6/23/2016,1,1446.406
6/24/2016,1,1427.889
6/25/2016,1,1195.55
6/26/2016,1,1071.035
6/27/2016,1,1389.253
6/28/2016,1,1415.082
6/29/2016,1,1422.497
6/30/2016,1,1420.479
7/1/2016,1,1397.573
7/2/2016,1,1173.694
7/3/2016,1,1064.118
7/4/2016,1,1375.612
7/5/2016,1,1416.841
7/6/2016,1,1413.597
7/7/2016,1,1400.162
7/8/2016,1,1393.535
7/9/2016,1,1167.211
7/10/2016,1,1088.476
7/11/2016,1,1408.131
7/12/2016,1,1418.663
7/13/2016,1,1392.884
7/14/2016,1,1395.855
7/15/2016,1,1362.975
7/16/2016,1,1142.248
7/17/2016,1,1065.412
7/18/2016,1,1371.539
7/19/2016,1,1399.163
7/20/2016,1,1419.223
7/21/2016,1,1419.319
7/22/2016,1,1386.894
7/23/2016,1,1167.148
7/24/2016,1,1076.257
7/25/2016,1,1382.122
7/26/2016,1,1401.714
7/27/2016,1,1396.615
7/28/2016,1,1383.221
7/29/2016,1,1351.661
7/30/2016,1,1142.74
7/31/2016,1,1054.524
8/1/2016,1,1321.94
8/2/2016,1,1356.852
8/3/2016,1,1382.448
8/4/2016,1,1376.755
8/5/2016,1,1333.847
8/6/2016,1,1126.238
8/7/2016,1,1038.178
8/8/2016,1,1339.952
8/9/2016,1,1348.403
8/10/2016,1,1342.669
8/11/2016,1,1336.473
8/12/2016,1,1332.298
8/13/2016,1,1134.686
8/14/2016,1,1036.969
8/15/2016,1,1286.423
8/16/2016,1,1346.943
8/17/2016,1,1342.218
8/18/2016,1,1354.995
8/19/2016,1,1341.012
8/20/2016,1,1143.534
8/21/2016,1,1042.629
8/22/2016,1,1357.518
8/23/2016,1,1389.365
8/24/2016,1,1405.574
8/25/2016,1,1414.684
8/26/2016,1,1399.299
8/27/2016,1,1183.501
8/28/2016,1,1095.56
8/29/2016,1,1401.324
8/30/2016,1,1387.894
8/31/2016,1,1401.426
9/1/2016,1,1407.52
9/2/2016,1,1382.375
9/3/2016,1,1156.702
9/4/2016,1,1091.754
9/5/2016,1,1384.297
9/6/2016,1,1398.754
9/7/2016,1,1405.116
9/8/2016,1,1420.959
9/9/2016,1,1392.97
9/10/2016,1,1173.301
9/11/2016,1,1088.362
9/12/2016,1,1409.987
9/13/2016,1,1446.824
9/14/2016,1,1442.332
9/15/2016,1,1436.421
9/16/2016,1,1397.158
9/17/2016,1,1179.558
9/18/2016,1,1087.556
9/19/2016,1,1389.524
9/20/2016,1,1410.447
9/21/2016,1,1407.202
9/22/2016,1,1401.531
9/23/2016,1,1383.836
9/24/2016,1,1160.873
9/25/2016,1,1074.47
9/26/2016,1,1394.293
9/27/2016,1,1422.983
9/28/2016,1,1435.492
9/29/2016,1,1436.797
9/30/2016,1,1403.626
10/1/2016,1,1175.987
10/2/2016,1,1081.683
10/3/2016,1,1105.195
10/4/2016,1,1422.066
10/5/2016,1,1455.863
10/6/2016,1,1489.808
10/7/2016,1,1452.49
10/8/2016,1,1233.154
10/9/2016,1,1143.149
10/10/2016,1,1456.039
10/11/2016,1,1494.224
10/12/2016,1,1495.956
10/13/2016,1,1503.571
10/14/2016,1,1477.953
10/15/2016,1,1243.613
10/16/2016,1,1136.267
10/17/2016,1,1461.414
10/18/2016,1,1489.622
10/19/2016,1,1503.565
10/20/2016,1,1506.204
10/21/2016,1,1479.348
10/22/2016,1,1247.09
10/23/2016,1,1154.998
10/24/2016,1,1482.911
10/25/2016,1,1499.188
10/26/2016,1,1495.441
10/27/2016,1,1495.821
10/28/2016,1,1480.316
10/29/2016,1,1243.55
10/30/2016,1,1141.624
10/31/2016,1,1331.536
11/1/2016,1,1301.873
11/2/2016,1,1519.388
11/3/2016,1,1532.05
11/4/2016,1,1509.537
11/5/2016,1,1299.408
11/6/2016,1,1204.939
11/7/2016,1,1529.163
11/8/2016,1,1571.629
11/9/2016,1,1577.031
11/10/2016,1,1577.657
11/11/2016,1,1568.043
11/12/2016,1,1343.044
11/13/2016,1,1252.972
11/14/2016,1,1564.09
11/15/2016,1,1604.101
11/16/2016,1,1574.039
11/17/2016,1,1564.308
11/18/2016,1,1544.541
11/19/2016,1,1334.341
11/20/2016,1,1233.973
11/21/2016,1,1533.053
11/22/2016,1,1552.999
11/23/2016,1,1546.154
11/24/2016,1,1565.587
11/25/2016,1,1544.217
11/26/2016,1,1336.736
11/27/2016,1,1236.953
11/28/2016,1,1573.721
11/29/2016,1,1628.617
11/30/2016,1,1638.339
12/1/2016,1,1631.279
12/2/2016,1,1585.45
12/3/2016,1,1371.141
12/4/2016,1,1299.91
12/5/2016,1,1614.383
12/6/2016,1,1650.038
12/7/2016,1,1671.129
12/8/2016,1,1632.362
12/9/2016,1,1591.42
12/10/2016,1,1345.308
12/11/2016,1,1267.997
12/12/2016,1,1569.869
12/13/2016,1,1602.297
12/14/2016,1,1595.293
12/15/2016,1,1601.397
12/16/2016,1,1567.488
12/17/2016,1,1365.579
12/18/2016,1,1266.495
12/19/2016,1,1542.018
12/20/2016,1,1572.427
12/21/2016,1,1567.399
12/22/2016,1,1512.661
12/23/2016,1,1415.811
12/24/2016,1,1195.354
12/25/2016,1,1117.673
12/26/2016,1,1121.213
12/27/2016,1,1289.324
12/28/2016,1,1294.881
12/29/2016,1,1295.897
12/30/2016,1,1291.044
12/31/2016,1,1212.568
1/1/2017,1,1130.413
1/2/2017,1,1441.052
1/3/2017,1,1529.99
1/4/2017,1,1553.083
1/5/2017,1,1547.238
1/6/2017,1,1501.795
1/7/2017,1,1405.145
1/8/2017,1,1301.011
1/9/2017,1,1604.348
1/10/2017,1,1639.046
1/11/2017,1,1654.809
1/12/2017,1,1620.597
1/13/2017,1,1608.895
1/14/2017,1,1392.736
1/15/2017,1,1289.904
1/16/2017,1,1605.465
1/17/2017,1,1649.104
1/18/2017,1,1669.395
1/19/2017,1,1667.477
1/20/2017,1,1641.737
1/21/2017,1,1423.02
1/22/2017,1,1340.341
1/23/2017,1,1663.492
1/24/2017,1,1682.002
1/25/2017,1,1674.171
1/26/2017,1,1659.527
1/27/2017,1,1629.164
1/28/2017,1,1394.033
1/29/2017,1,1296.17
1/30/2017,1,1605.356
1/31/2017,1,1620.86
2/1/2017,1,1627.965
2/2/2017,1,1604.12
2/3/2017,1,1574.576
2/4/2017,1,1344.391
2/5/2017,1,1238.879
2/6/2017,1,1574.502
2/7/2017,1,1621.574
2/8/2017,1,1625.415
2/9/2017,1,1637.74
2/10/2017,1,1622.785
2/11/2017,1,1386.709
2/12/2017,1,1293.212
2/13/2017,1,1597.275
2/14/2017,1,1593.56
2/15/2017,1,1579.457
2/16/2017,1,1576.044
2/17/2017,1,1556.106
2/18/2017,1,1327.272
2/19/2017,1,1245.979
2/20/2017,1,1563.139
2/21/2017,1,1566.902
2/22/2017,1,1584.343
2/23/2017,1,1561.235
2/24/2017,1,1539.603
2/25/2017,1,1319.075
2/26/2017,1,1208.725
2/27/2017,1,1467.695
2/28/2017,1,1532.536
3/1/2017,1,1551.41
3/2/2017,1,1541.733
3/3/2017,1,1514.114
3/4/2017,1,1265.589
3/5/2017,1,1185.541
3/6/2017,1,1519.85
3/7/2017,1,1554.86
3/8/2017,1,1565.245
3/9/2017,1,1545.066
3/10/2017,1,1496.809
3/11/2017,1,1265.416
3/12/2017,1,1170.7
3/13/2017,1,1478.837
3/14/2017,1,1508.366
3/15/2017,1,1497.831
3/16/2017,1,1485.207
3/17/2017,1,1477.5
3/18/2017,1,1294.453
3/19/2017,1,1180.593
3/20/2017,1,1476.082
3/21/2017,1,1510.116
3/22/2017,1,1511.842
3/23/2017,1,1498.325
3/24/2017,1,1467.528
3/25/2017,1,1234.089
3/26/2017,1,1126.869
3/27/2017,1,1429.636
3/28/2017,1,1445.382
3/29/2017,1,1455.418
3/30/2017,1,1439.171
3/31/2017,1,1402.585
4/1/2017,1,1186.056
4/2/2017,1,1096.921
4/3/2017,1,1407.901
4/4/2017,1,1426.521
4/5/2017,1,1456.718
4/6/2017,1,1463.906
4/7/2017,1,1450.322
4/8/2017,1,1202.753
4/9/2017,1,1106.114
4/10/2017,1,1430.915
4/11/2017,1,1451.163
4/12/2017,1,1455.273
4/13/2017,1,1420.099
4/14/2017,1,1130.276
4/15/2017,1,1154.583
4/16/2017,1,1048.707
4/17/2017,1,1086.456
4/18/2017,1,1432.359
4/19/2017,1,1476.37
4/20/2017,1,1472.599
4/21/2017,1,1458.738
4/22/2017,1,1254.143
4/23/2017,1,1156.946
4/24/2017,1,1448.633
4/25/2017,1,1482.644
4/26/2017,1,1488.591
4/27/2017,1,1485.878
4/28/2017,1,1452.533
4/29/2017,1,1209.53
4/30/2017,1,1091.063
5/1/2017,1,1103.225
5/2/2017,1,1452.669
5/3/2017,1,1471.946
5/4/2017,1,1487.176
5/5/2017,1,1446.117
5/6/2017,1,1199.384
5/7/2017,1,1113.129
5/8/2017,1,1442.223
5/9/2017,1,1434.6
5/10/2017,1,1425.515
5/11/2017,1,1419.331
5/12/2017,1,1406.466
5/13/2017,1,1171.82
5/14/2017,1,1071.069
5/15/2017,1,1387.278
5/16/2017,1,1421.664
5/17/2017,1,1426.872
5/18/2017,1,1429.989
5/19/2017,1,1416.083
5/20/2017,1,1171.156
5/21/2017,1,1070.711
5/22/2017,1,1383.231
5/23/2017,1,1419.738
5/24/2017,1,1397.888
5/25/2017,1,1094.2
5/26/2017,1,1229.704
5/27/2017,1,1140.566
5/28/2017,1,1079.39
5/29/2017,1,1414.019
5/30/2017,1,1450.411
5/31/2017,1,1437.944
6/1/2017,1,1407.461
6/2/2017,1,1392.361
6/3/2017,1,1162.876
6/4/2017,1,1016.024
6/5/2017,1,1028.159
6/6/2017,1,1367.605
6/7/2017,1,1401.233
6/8/2017,1,1388.365
6/9/2017,1,1380.886
6/10/2017,1,1149.633
6/11/2017,1,1067.459
6/12/2017,1,1393.638
6/13/2017,1,1400.213
6/14/2017,1,1369.96
6/15/2017,1,1204.597
6/16/2017,1,1302.817
6/17/2017,1,1139.368
6/18/2017,1,1065.075
6/19/2017,1,1394.063
6/20/2017,1,1440.547
6/21/2017,1,1434.325
6/22/2017,1,1459.289
6/23/2017,1,1425.38
6/24/2017,1,1184.272
6/25/2017,1,1086.637
6/26/2017,1,1399.3
6/27/2017,1,1417.749
6/28/2017,1,1431.5
6/29/2017,1,1411.06
6/30/2017,1,1383.979
7/1/2017,1,1160.762
7/2/2017,1,1074.715
7/3/2017,1,1368.537
7/4/2017,1,1393.457
7/5/2017,1,1396.984
7/6/2017,1,1408.679
7/7/2017,1,1395.258
7/8/2017,1,1173.655
7/9/2017,1,1066.22
7/10/2017,1,1387.963
7/11/2017,1,1394.364
7/12/2017,1,1412.276
7/13/2017,1,1374.525
7/14/2017,1,1343.568
7/15/2017,1,1124.203
7/16/2017,1,1046.128
7/17/2017,1,1350.745
7/18/2017,1,1380.639
7/19/2017,1,1411.458
7/20/2017,1,1401.05
7/21/2017,1,1355.297
7/22/2017,1,1151.213
7/23/2017,1,1048.236
7/24/2017,1,1336.969
7/25/2017,1,1373.256
7/26/2017,1,1365.235
7/27/2017,1,1356.974
7/28/2017,1,1328.12
7/29/2017,1,1132.547
7/30/2017,1,1061.415
7/31/2017,1,1333.13
8/1/2017,1,1364.819
8/2/2017,1,1365.735
8/3/2017,1,1389.445
8/4/2017,1,1349.423
8/5/2017,1,1130.134
8/6/2017,1,1024.324
8/7/2017,1,1302.062
8/8/2017,1,1343.899
8/9/2017,1,1342.432
8/10/2017,1,1351.491
8/11/2017,1,1329.039
8/12/2017,1,1121.458
8/13/2017,1,1025.07
8/14/2017,1,1305.341
8/15/2017,1,1333.398
8/16/2017,1,1364.029
8/17/2017,1,1377.745
8/18/2017,1,1362.48
8/19/2017,1,1130.982
8/20/2017,1,1042.809
8/21/2017,1,1347.212
8/22/2017,1,1363.146
8/23/2017,1,1365.414
8/24/2017,1,1381.885
8/25/2017,1,1363.835
8/26/2017,1,1155.017
8/27/2017,1,1066.659
8/28/2017,1,1369.098
8/29/2017,1,1409.367
8/30/2017,1,1434.052
8/31/2017,1,1417.97368
9/1/2017,1,1361.78735
9/2/2017,1,1135.72984
9/3/2017,1,1057.50932
9/4/2017,1,1359.36636
9/5/2017,1,1391.71549
9/6/2017,1,1421.76263
9/7/2017,1,1406.76505
9/8/2017,1,1407.68179
9/9/2017,1,1187.91825
9/10/2017,1,1092.1046
9/11/2017,1,1411.22858
9/12/2017,1,1428.50639
9/13/2017,1,1460.61621
9/14/2017,1,1456.47487
9/15/2017,1,1409.7847
9/16/2017,1,1181.50447
9/17/2017,1,1095.32021
9/18/2017,1,1403.63214
9/19/2017,1,1429.80947
9/20/2017,1,1442.87787
9/21/2017,1,1421.64603
9/22/2017,1,1401.40633
9/23/2017,1,1191.10345
9/24/2017,1,1115.07288
9/25/2017,1,1419.59171
9/26/2017,1,1445.40606
9/27/2017,1,1451.00792
9/28/2017,1,1446.44828
9/29/2017,1,1427.92132
9/30/2017,1,1216.86135
10/1/2017,1,1106.68587
10/2/2017,1,1327.67473
10/3/2017,1,1176.7697
10/4/2017,1,1458.9855
10/5/2017,1,1480.53577
10/6/2017,1,1463.70211
10/7/2017,1,1248.2794
10/8/2017,1,1150.3125
10/9/2017,1,1458.46922
10/10/2017,1,1489.54663
10/11/2017,1,1490.02758
10/12/2017,1,1492.93612
10/13/2017,1,1463.11905
10/14/2017,1,1234.93129
10/15/2017,1,1119.08821
10/16/2017,1,1438.02368
10/17/2017,1,1464.32599
10/18/2017,1,1460.71347
10/19/2017,1,1466.94208
10/20/2017,1,1469.67145
10/21/2017,1,1246.57986
10/22/2017,1,1164.39959
10/23/2017,1,1483.51188
10/24/2017,1,1508.51484
10/25/2017,1,1506.14869
10/26/2017,1,1493.68102
10/27/2017,1,1480.50323
10/28/2017,1,1284.26158
10/29/2017,1,1176.91823
10/30/2017,1,1345.87389
10/31/2017,1,1204.08577
11/1/2017,1,1309.18478
11/2/2017,1,1474.19484
11/3/2017,1,1471.18241
11/4/2017,1,1284.77485
11/5/2017,1,1193.85495
11/6/2017,1,1505.67173
11/7/2017,1,1545.63945
11/8/2017,1,1547.48171
11/9/2017,1,1557.63091
11/10/2017,1,1560.41732
11/11/2017,1,1346.43916
11/12/2017,1,1241.51495
11/13/2017,1,1538.83561
11/14/2017,1,1577.45348
11/15/2017,1,1562.03367
11/16/2017,1,1574.73479
11/17/2017,1,1552.2178
11/18/2017,1,1369.91888
11/19/2017,1,1268.00462
11/20/2017,1,1565.56805
11/21/2017,1,1576.49592
11/22/2017,1,1558.72998
11/23/2017,1,1581.7877
11/24/2017,1,1528.12694
11/25/2017,1,1333.15585
11/26/2017,1,1276.09818
11/27/2017,1,1602.17797
11/28/2017,1,1615.38061
11/29/2017,1,1603.98435
11/30/2017,1,1617.03309
12/1/2017,1,1592.96187
12/2/2017,1,1391.85405
12/3/2017,1,1330.26226
12/4/2017,1,1620.97758
12/5/2017,1,1643.72307
12/6/2017,1,1639.08265
12/7/2017,1,1628.47979
12/8/2017,1,1618.05658
12/9/2017,1,1415.34531
12/10/2017,1,1318.10964
12/11/2017,1,1614.15862
12/12/2017,1,1647.36346
12/13/2017,1,1651.90418
12/14/2017,1,1636.54375
12/15/2017,1,1576.93197
12/16/2017,1,1382.87708
12/17/2017,1,1297.21916
12/18/2017,1,1578.69079
12/19/2017,1,1586.4823
12/20/2017,1,1559.68569
12/21/2017,1,1520.37206
12/22/2017,1,1423.23782
12/23/2017,1,1272.17085
12/24/2017,1,1141.7573
12/25/2017,1,1111.28338
12/26/2017,1,1130.11683
12/27/2017,1,1263.94091
12/28/2017,1,1299.86398
12/29/2017,1,1295.08753
12/30/2017,1,1215.44897
12/31/2017,1,1107.11488
